Date;Close;;;K1;;K2;;K3;;K4;;K5
09/01/2014;14100;;09/01/2014;14100;30/03/2015;13550;29/06/2016;9175;13/09/2017;10600;07/11/2018;9725
10/01/2014;14900;;10/01/2014;14900;31/03/2015;13650;30/06/2016;9350;14/09/2017;10500;08/11/2018;9825
13/01/2014;15525;;13/01/2014;15525;01/04/2015;13650;01/07/2016;9250;15/09/2017;10375;09/11/2018;9725
15/01/2014;15675;;15/01/2014;15675;02/04/2015;13600;11/07/2016;9675;18/09/2017;10000;12/11/2018;9150
16/01/2014;15200;;16/01/2014;15200;06/04/2015;13625;12/07/2016;9825;19/09/2017;9950;13/11/2018;9150
17/01/2014;15200;;17/01/2014;15200;07/04/2015;13675;13/07/2016;9525;20/09/2017;10100;14/11/2018;10000
20/01/2014;15075;;20/01/2014;15075;08/04/2015;13475;14/07/2016;9275;21/09/2017;10100;15/11/2018;10300
21/01/2014;14975;;21/01/2014;14975;09/04/2015;13550;15/07/2016;9050;22/09/2017;10000;16/11/2018;11000
22/01/2014;14675;;22/01/2014;14675;10/04/2015;13425;18/07/2016;8975;25/09/2017;9950;19/11/2018;11100
23/01/2014;14900;;23/01/2014;14900;13/04/2015;13000;19/07/2016;9525;26/09/2017;9900;20/11/2018;11100
24/01/2014;14550;;24/01/2014;14550;14/04/2015;12850;20/07/2016;9500;27/09/2017;9625;21/11/2018;11150
27/01/2014;13975;;27/01/2014;13975;15/04/2015;13125;21/07/2016;9425;28/09/2017;9950;22/11/2018;11875
28/01/2014;14000;;28/01/2014;14000;16/04/2015;13700;22/07/2016;9300;29/09/2017;10125;23/11/2018;11525
29/01/2014;14400;;29/01/2014;14400;17/04/2015;13800;25/07/2016;9400;02/10/2017;10200;26/11/2018;11650
30/01/2014;14200;;30/01/2014;14200;20/04/2015;13750;26/07/2016;9500;03/10/2017;10050;27/11/2018;11250
03/02/2014;14000;;03/02/2014;14000;21/04/2015;13825;27/07/2016;9700;04/10/2017;10300;28/11/2018;11175
04/02/2014;13875;;04/02/2014;13875;22/04/2015;13700;28/07/2016;9675;05/10/2017;10375;29/11/2018;12000
05/02/2014;14425;;05/02/2014;14425;23/04/2015;13550;29/07/2016;9375;06/10/2017;10700;30/11/2018;12025
06/02/2014;14550;;06/02/2014;14550;24/04/2015;13525;01/08/2016;10000;09/10/2017;10575;03/12/2018;11600
07/02/2014;14950;;07/02/2014;14950;27/04/2015;13325;02/08/2016;9900;10/10/2017;10650;04/12/2018;11775
10/02/2014;15075;;10/02/2014;15075;28/04/2015;13225;03/08/2016;10175;11/10/2017;10450;05/12/2018;11775
11/02/2014;15100;;11/02/2014;15100;29/04/2015;12975;04/08/2016;10125;12/10/2017;10750;06/12/2018;11875
12/02/2014;15100;;12/02/2014;15100;30/04/2015;12500;05/08/2016;10350;13/10/2017;10850;07/12/2018;11875
13/02/2014;15100;;13/02/2014;15100;04/05/2015;12725;08/08/2016;10775;16/10/2017;10900;10/12/2018;11950
14/02/2014;14850;;14/02/2014;14850;05/05/2015;13000;09/08/2016;11600;17/10/2017;10850;11/12/2018;11600
17/02/2014;15225;;17/02/2014;15225;06/05/2015;13100;10/08/2016;11400;18/10/2017;10825;12/12/2018;11600
18/02/2014;15000;;18/02/2014;15000;07/05/2015;12875;11/08/2016;11075;19/10/2017;10500;13/12/2018;11600
19/02/2014;15000;;19/02/2014;15000;08/05/2015;13325;12/08/2016;11000;20/10/2017;10425;14/12/2018;11425
20/02/2014;15100;;20/02/2014;15100;11/05/2015;13275;15/08/2016;10900;23/10/2017;10550;17/12/2018;11400
21/02/2014;15075;;21/02/2014;15075;12/05/2015;13225;16/08/2016;11050;24/10/2017;10725;18/12/2018;11375
24/02/2014;14900;;24/02/2014;14900;13/05/2015;13025;18/08/2016;11225;25/10/2017;10875;19/12/2018;11500
25/02/2014;14650;;25/02/2014;14650;15/05/2015;13300;19/08/2016;11100;26/10/2017;11025;20/12/2018;11475
26/02/2014;14375;;26/02/2014;14375;18/05/2015;13375;22/08/2016;11150;27/10/2017;10775;21/12/2018;11500
27/02/2014;14450;;27/02/2014;14450;19/05/2015;13325;23/08/2016;10775;30/10/2017;10775;24/12/2018;11500
28/02/2014;15000;;28/02/2014;15000;20/05/2015;13150;24/08/2016;10400;31/10/2017;10900;25/12/2018;11500
03/03/2014;14700;;03/03/2014;14700;21/05/2015;13200;25/08/2016;10425;01/11/2017;10500;26/12/2018;11550
04/03/2014;14700;;04/03/2014;14700;22/05/2015;13125;26/08/2016;10500;02/11/2017;10425;27/12/2018;11675
05/03/2014;14875;;05/03/2014;14875;25/05/2015;13150;29/08/2016;10400;03/11/2017;10375;28/12/2018;11500
06/03/2014;15100;;06/03/2014;15100;26/05/2015;13250;30/08/2016;10100;06/11/2017;10300;31/12/2018;11500
07/03/2014;15300;;07/03/2014;15300;27/05/2015;13175;31/08/2016;9900;07/11/2017;10325;01/01/2019;11500
10/03/2014;15300;;10/03/2014;15300;28/05/2015;13350;01/09/2016;9800;08/11/2017;10500;02/01/2019;11475
11/03/2014;15450;;11/03/2014;15450;29/05/2015;13450;02/09/2016;10000;09/11/2017;10100;03/01/2019;11525
12/03/2014;15125;;12/03/2014;15125;01/06/2015;13475;05/09/2016;10150;10/11/2017;10000;04/01/2019;11500
13/03/2014;15100;;13/03/2014;15100;03/06/2015;13300;06/09/2016;10200;13/11/2017;10000;07/01/2019;11400
14/03/2014;16000;;14/03/2014;16000;04/06/2015;13250;07/09/2016;10050;14/11/2017;9900;08/01/2019;11300
17/03/2014;16500;;17/03/2014;16500;05/06/2015;13225;08/09/2016;10050;15/11/2017;9850;09/01/2019;11200
18/03/2014;16075;;18/03/2014;16075;08/06/2015;12975;09/09/2016;10050;16/11/2017;9950;10/01/2019;11925
19/03/2014;16000;;19/03/2014;16000;09/06/2015;12575;13/09/2016;9850;17/11/2017;9900;11/01/2019;11575
20/03/2014;15300;;20/03/2014;15300;10/06/2015;12825;14/09/2016;9700;20/11/2017;9975;14/01/2019;11575
21/03/2014;15400;;21/03/2014;15400;11/06/2015;12650;15/09/2016;9950;21/11/2017;9975;15/01/2019;11800
24/03/2014;15750;;24/03/2014;15750;12/06/2015;12525;16/09/2016;9900;22/11/2017;9900;16/01/2019;11925
25/03/2014;15750;;25/03/2014;15750;15/06/2015;12300;19/09/2016;10125;23/11/2017;10050;17/01/2019;12425
26/03/2014;15700;;26/03/2014;15700;16/06/2015;12150;20/09/2016;10000;24/11/2017;10150;18/01/2019;12700
27/03/2014;15700;;27/03/2014;15700;17/06/2015;12400;21/09/2016;9825;27/11/2017;10025;21/01/2019;12975
28/03/2014;15800;;28/03/2014;15800;18/06/2015;12300;22/09/2016;10100;28/11/2017;10000;22/01/2019;13075
01/04/2014;16500;;01/04/2014;16500;19/06/2015;12425;23/09/2016;10400;29/11/2017;9900;23/01/2019;12975
02/04/2014;16600;;02/04/2014;16600;22/06/2015;12350;26/09/2016;10400;30/11/2017;9400;24/01/2019;13200
03/04/2014;17000;;03/04/2014;17000;23/06/2015;12250;27/09/2016;10450;01/12/2017;9400;25/01/2019;13200
04/04/2014;16625;;04/04/2014;16625;24/06/2015;12300;28/09/2016;10500;04/12/2017;9600;28/01/2019;13075
07/04/2014;16850;;07/04/2014;16850;25/06/2015;12100;29/09/2016;10575;05/12/2017;9350;29/01/2019;12875
08/04/2014;16800;;08/04/2014;16800;26/06/2015;12075;30/09/2016;10100;06/12/2017;9375;30/01/2019;12550
09/04/2014;16800;;09/04/2014;16800;29/06/2015;12000;03/10/2016;10400;07/12/2017;9250;31/01/2019;12675
10/04/2014;15675;;10/04/2014;15675;30/06/2015;12000;04/10/2016;10675;08/12/2017;9150;01/02/2019;12725
11/04/2014;15325;;11/04/2014;15325;01/07/2015;12000;05/10/2016;10500;11/12/2017;9375;04/02/2019;12250
14/04/2014;15925;;14/04/2014;15925;02/07/2015;12350;06/10/2016;10450;12/12/2017;9600;05/02/2019;12250
15/04/2014;15925;;15/04/2014;15925;03/07/2015;12250;07/10/2016;10400;13/12/2017;9725;06/02/2019;12900
16/04/2014;15950;;16/04/2014;15950;06/07/2015;11900;10/10/2016;10300;14/12/2017;9950;07/02/2019;12800
17/04/2014;15825;;17/04/2014;15825;07/07/2015;11625;11/10/2016;10000;15/12/2017;9850;08/02/2019;12500
21/04/2014;15775;;21/04/2014;15775;08/07/2015;11525;12/10/2016;10050;18/12/2017;9700;11/02/2019;12475
22/04/2014;15700;;22/04/2014;15700;09/07/2015;11300;13/10/2016;10075;19/12/2017;9850;12/02/2019;12300
23/04/2014;15700;;23/04/2014;15700;10/07/2015;11200;14/10/2016;10075;20/12/2017;9550;13/02/2019;12675
24/04/2014;15525;;24/04/2014;15525;13/07/2015;11300;17/10/2016;9900;21/12/2017;9800;14/02/2019;12400
25/04/2014;15700;;25/04/2014;15700;14/07/2015;11550;18/10/2016;10050;22/12/2017;9825;15/02/2019;12025
28/04/2014;15425;;28/04/2014;15425;15/07/2015;11575;19/10/2016;9975;25/12/2017;9825;18/02/2019;12500
29/04/2014;14975;;29/04/2014;14975;22/07/2015;11600;20/10/2016;9900;26/12/2017;9825;19/02/2019;12475
30/04/2014;14850;;30/04/2014;14850;23/07/2015;11500;21/10/2016;10000;27/12/2017;10000;20/02/2019;12900
02/05/2014;14600;;02/05/2014;14600;24/07/2015;11225;24/10/2016;9975;28/12/2017;10200;21/02/2019;12925
05/05/2014;14675;;05/05/2014;14675;27/07/2015;10250;25/10/2016;10150;29/12/2017;9900;22/02/2019;12575
06/05/2014;14525;;06/05/2014;14525;28/07/2015;10100;26/10/2016;10075;01/01/2018;9900;25/02/2019;12950
07/05/2014;14275;;07/05/2014;14275;29/07/2015;10275;27/10/2016;10075;02/01/2018;10275;26/02/2019;12925
08/05/2014;14700;;08/05/2014;14700;30/07/2015;9925;28/10/2016;9975;03/01/2018;10200;27/02/2019;12600
09/05/2014;14800;;09/05/2014;14800;31/07/2015;10100;31/10/2016;9850;04/01/2018;11000;28/02/2019;12650
12/05/2014;15600;;12/05/2014;15600;03/08/2015;9850;01/11/2016;9500;05/01/2018;10900;01/03/2019;12875
13/05/2014;15600;;13/05/2014;15600;04/08/2015;9950;02/11/2016;9450;08/01/2018;11000;04/03/2019;12900
14/05/2014;15950;;14/05/2014;15950;05/08/2015;10200;03/11/2016;9275;09/01/2018;11200;05/03/2019;12850
16/05/2014;15950;;16/05/2014;15950;06/08/2015;9875;04/11/2016;9275;10/01/2018;10825;06/03/2019;12700
19/05/2014;15275;;19/05/2014;15275;07/08/2015;9950;07/11/2016;9300;11/01/2018;10850;07/03/2019;12700
20/05/2014;14850;;20/05/2014;14850;10/08/2015;9700;08/11/2016;9400;12/01/2018;10575;08/03/2019;12475
21/05/2014;14975;;21/05/2014;14975;11/08/2015;9050;09/11/2016;9225;15/01/2018;10525;11/03/2019;12650
22/05/2014;14950;;22/05/2014;14950;12/08/2015;8650;10/11/2016;9275;16/01/2018;10625;12/03/2019;12600
23/05/2014;15025;;23/05/2014;15025;13/08/2015;8850;11/11/2016;8850;17/01/2018;11400;13/03/2019;12725
26/05/2014;15000;;26/05/2014;15000;14/08/2015;8725;14/11/2016;8425;18/01/2018;11075;14/03/2019;12875
28/05/2014;15225;;28/05/2014;15225;18/08/2015;8225;15/11/2016;8200;19/01/2018;10950;15/03/2019;12925
30/05/2014;14725;;30/05/2014;14725;19/08/2015;8250;16/11/2016;8450;22/01/2018;10750;18/03/2019;13250
02/06/2014;14850;;02/06/2014;14850;20/08/2015;8075;17/11/2016;8350;23/01/2018;10650;19/03/2019;13225
03/06/2014;15050;;03/06/2014;15050;21/08/2015;7975;18/11/2016;8425;24/01/2018;10725;20/03/2019;12800
04/06/2014;15100;;04/06/2014;15100;24/08/2015;7200;21/11/2016;8475;25/01/2018;11100;21/03/2019;13575
05/06/2014;15200;;05/06/2014;15200;25/08/2015;7700;22/11/2016;8425;26/01/2018;11600;22/03/2019;13650
06/06/2014;15325;;06/06/2014;15325;26/08/2015;8675;23/11/2016;8400;29/01/2018;11200;25/03/2019;13400
09/06/2014;15000;;09/06/2014;15000;27/08/2015;8950;24/11/2016;8050;30/01/2018;10900;26/03/2019;13875
10/06/2014;15250;;10/06/2014;15250;28/08/2015;9350;25/11/2016;8200;31/01/2018;11150;27/03/2019;13875
11/06/2014;15350;;11/06/2014;15350;31/08/2015;9250;28/11/2016;8675;01/02/2018;10700;28/03/2019;13750
12/06/2014;15400;;12/06/2014;15400;01/09/2015;9025;29/11/2016;8700;02/02/2018;10700;29/03/2019;13875
13/06/2014;15425;;13/06/2014;15425;02/09/2015;9025;30/11/2016;8875;05/02/2018;10550;01/04/2019;13950
16/06/2014;15375;;16/06/2014;15375;03/09/2015;9225;01/12/2016;9250;06/02/2018;10175;02/04/2019;13725
17/06/2014;15425;;17/06/2014;15425;04/09/2015;9050;02/12/2016;9250;07/02/2018;10175;03/04/2019;13725
18/06/2014;15200;;18/06/2014;15200;07/09/2015;8375;05/12/2016;9225;08/02/2018;10300;04/04/2019;14450
19/06/2014;15000;;19/06/2014;15000;08/09/2015;8800;06/12/2016;9225;09/02/2018;10200;05/04/2019;13575
20/06/2014;14925;;20/06/2014;14925;09/09/2015;9250;07/12/2016;9250;12/02/2018;10275;08/04/2019;13450
23/06/2014;15000;;23/06/2014;15000;10/09/2015;10300;08/12/2016;9200;13/02/2018;10525;09/04/2019;14075
24/06/2014;15000;;24/06/2014;15000;11/09/2015;10300;09/12/2016;9300;14/02/2018;10850;10/04/2019;14250
25/06/2014;15000;;25/06/2014;15000;14/09/2015;10200;13/12/2016;9300;15/02/2018;11050;11/04/2019;13825
26/06/2014;15100;;26/06/2014;15100;15/09/2015;10000;14/12/2016;9300;16/02/2018;11050;12/04/2019;13050
27/06/2014;14975;;27/06/2014;14975;16/09/2015;9700;15/12/2016;8975;19/02/2018;11700;15/04/2019;12825
30/06/2014;15075;;30/06/2014;15075;17/09/2015;9700;16/12/2016;9175;20/02/2018;11300;16/04/2019;13325
01/07/2014;15075;;01/07/2014;15075;18/09/2015;9775;19/12/2016;9100;21/02/2018;11575;17/04/2019;13325
02/07/2014;15075;;02/07/2014;15075;21/09/2015;9750;20/12/2016;8925;22/02/2018;11750;18/04/2019;13725
03/07/2014;15025;;03/07/2014;15025;22/09/2015;9475;21/12/2016;9125;23/02/2018;11225;19/04/2019;13725
04/07/2014;15125;;04/07/2014;15125;23/09/2015;9475;22/12/2016;8925;26/02/2018;11100;22/04/2019;13175
07/07/2014;15925;;07/07/2014;15925;25/09/2015;9475;23/12/2016;9050;27/02/2018;11325;23/04/2019;13725
08/07/2014;16200;;08/07/2014;16200;28/09/2015;9150;27/12/2016;9075;28/02/2018;11125;24/04/2019;13450
09/07/2014;16200;;09/07/2014;16200;29/09/2015;9100;28/12/2016;9325;01/03/2018;11050;25/04/2019;13350
10/07/2014;16725;;10/07/2014;16725;30/09/2015;9050;29/12/2016;9400;02/03/2018;10975;26/04/2019;13700
11/07/2014;16650;;11/07/2014;16650;01/10/2015;9200;30/12/2016;9175;05/03/2018;10850;29/04/2019;13525
14/07/2014;16650;;14/07/2014;16650;02/10/2015;9100;02/01/2017;9175;06/03/2018;10700;30/04/2019;13500
15/07/2014;16925;;15/07/2014;16925;05/10/2015;10050;03/01/2017;9100;07/03/2018;10475;01/05/2019;13500
16/07/2014;17050;;16/07/2014;17050;06/10/2015;10075;04/01/2017;9450;08/03/2018;10725;02/05/2019;12900
17/07/2014;16550;;17/07/2014;16550;07/10/2015;10750;05/01/2017;9500;09/03/2018;10550;03/05/2019;12250
18/07/2014;16700;;18/07/2014;16700;08/10/2015;10450;06/01/2017;9400;12/03/2018;10700;06/05/2019;11150
21/07/2014;16975;;21/07/2014;16975;09/10/2015;10550;09/01/2017;9125;13/03/2018;10525;07/05/2019;11900
22/07/2014;16625;;22/07/2014;16625;12/10/2015;10600;10/01/2017;9125;14/03/2018;10475;08/05/2019;11325
23/07/2014;16875;;23/07/2014;16875;13/10/2015;10150;11/01/2017;8850;15/03/2018;10500;09/05/2019;10900
24/07/2014;16650;;24/07/2014;16650;15/10/2015;10150;12/01/2017;8700;16/03/2018;10525;10/05/2019;11150
25/07/2014;16575;;25/07/2014;16575;16/10/2015;10400;13/01/2017;8775;19/03/2018;10475;13/05/2019;10475
04/08/2014;16725;;04/08/2014;16725;19/10/2015;10625;16/01/2017;8700;20/03/2018;10450;14/05/2019;10675
05/08/2014;16500;;05/08/2014;16500;20/10/2015;10575;17/01/2017;8625;21/03/2018;10250;15/05/2019;10550
06/08/2014;16400;;06/08/2014;16400;21/10/2015;11250;18/01/2017;8750;22/03/2018;10025;16/05/2019;10700
07/08/2014;16350;;07/08/2014;16350;22/10/2015;10725;19/01/2017;8725;23/03/2018;9650;17/05/2019;10550
08/08/2014;16250;;08/08/2014;16250;23/10/2015;10850;20/01/2017;8625;26/03/2018;9850;20/05/2019;11250
11/08/2014;16575;;11/08/2014;16575;26/10/2015;10700;23/01/2017;8600;27/03/2018;9900;21/05/2019;10825
12/08/2014;16650;;12/08/2014;16650;27/10/2015;10325;24/01/2017;8700;28/03/2018;9875;22/05/2019;10825
13/08/2014;16725;;13/08/2014;16725;28/10/2015;10325;25/01/2017;9025;29/03/2018;10350;23/05/2019;10900
14/08/2014;16450;;14/08/2014;16450;29/10/2015;9800;26/01/2017;9200;30/03/2018;10350;24/05/2019;10800
15/08/2014;16475;;15/08/2014;16475;30/10/2015;9800;27/01/2017;9225;02/04/2018;10625;27/05/2019;11375
18/08/2014;16650;;18/08/2014;16650;02/11/2015;9750;30/01/2017;9100;03/04/2018;10900;28/05/2019;11050
19/08/2014;16675;;19/08/2014;16675;03/11/2015;10200;31/01/2017;9025;04/04/2018;10650;29/05/2019;11200
20/08/2014;16600;;20/08/2014;16600;04/11/2015;10600;01/02/2017;9025;05/04/2018;11000;30/05/2019;11200
21/08/2014;16650;;21/08/2014;16650;05/11/2015;10650;02/02/2017;9300;06/04/2018;10550;31/05/2019;11550
22/08/2014;16800;;22/08/2014;16800;06/11/2015;10675;03/02/2017;9200;09/04/2018;10325;03/06/2019;11550
25/08/2014;16775;;25/08/2014;16775;09/11/2015;10250;06/02/2017;9275;10/04/2018;10250;04/06/2019;11550
26/08/2014;16450;;26/08/2014;16450;10/11/2015;9950;07/02/2017;9150;11/04/2018;10250;05/06/2019;11550
27/08/2014;16250;;27/08/2014;16250;11/11/2015;10500;08/02/2017;9250;12/04/2018;10200;06/06/2019;11550
28/08/2014;16400;;28/08/2014;16400;12/11/2015;10150;09/02/2017;9625;13/04/2018;10125;07/06/2019;11550
29/08/2014;16225;;29/08/2014;16225;13/11/2015;10675;10/02/2017;9750;16/04/2018;10125;10/06/2019;12175
01/09/2014;16250;;01/09/2014;16250;16/11/2015;10800;13/02/2017;9825;17/04/2018;10125;11/06/2019;11975
02/09/2014;16275;;02/09/2014;16275;17/11/2015;11100;14/02/2017;9350;18/04/2018;9925;12/06/2019;11600
03/09/2014;16425;;03/09/2014;16425;18/11/2015;11500;15/02/2017;9350;19/04/2018;9925;13/06/2019;11475
04/09/2014;16250;;04/09/2014;16250;19/11/2015;11400;16/02/2017;9500;20/04/2018;9925;14/06/2019;11450
05/09/2014;16375;;05/09/2014;16375;20/11/2015;11400;17/02/2017;9275;23/04/2018;10100;17/06/2019;11600
08/09/2014;16300;;08/09/2014;16300;23/11/2015;11400;20/02/2017;9200;24/04/2018;9900;18/06/2019;11450
09/09/2014;15925;;09/09/2014;15925;24/11/2015;10925;21/02/2017;9150;25/04/2018;9900;19/06/2019;11600
10/09/2014;15825;;10/09/2014;15825;25/11/2015;11050;22/02/2017;9225;26/04/2018;9900;20/06/2019;11425
11/09/2014;15700;;11/09/2014;15700;26/11/2015;11175;23/02/2017;9250;27/04/2018;9900;21/06/2019;11375
12/09/2014;15775;;12/09/2014;15775;27/11/2015;11025;24/02/2017;9575;30/04/2018;9650;24/06/2019;11300
15/09/2014;16175;;15/09/2014;16175;30/11/2015;10625;27/02/2017;9525;01/05/2018;9650;25/06/2019;11450
16/09/2014;16175;;16/09/2014;16175;01/12/2015;11025;28/02/2017;9625;02/05/2018;9275;26/06/2019;11450
17/09/2014;16375;;17/09/2014;16375;02/12/2015;11175;01/03/2017;9400;03/05/2018;9000;27/06/2019;11625
18/09/2014;16425;;18/09/2014;16425;03/12/2015;11075;02/03/2017;9425;04/05/2018;9000;28/06/2019;11575
19/09/2014;16325;;19/09/2014;16325;04/12/2015;10950;03/03/2017;9425;07/05/2018;9125;01/07/2019;12475
22/09/2014;16275;;22/09/2014;16275;07/12/2015;11000;06/03/2017;9500;08/05/2018;8975;02/07/2019;12700
23/09/2014;16125;;23/09/2014;16125;08/12/2015;10975;07/03/2017;9350;09/05/2018;8950;03/07/2019;12700
24/09/2014;15975;;24/09/2014;15975;09/12/2015;10975;08/03/2017;9325;10/05/2018;8950;04/07/2019;12575
25/09/2014;15950;;25/09/2014;15950;10/12/2015;11200;09/03/2017;9250;11/05/2018;9200;05/07/2019;12600
26/09/2014;15125;;26/09/2014;15125;11/12/2015;10750;10/03/2017;9425;14/05/2018;9000;08/07/2019;12225
29/09/2014;15250;;29/09/2014;15250;14/12/2015;10450;13/03/2017;9400;15/05/2018;8900;09/07/2019;12425
30/09/2014;15425;;30/09/2014;15425;15/12/2015;10400;14/03/2017;9200;16/05/2018;8700;10/07/2019;12550
01/10/2014;15150;;01/10/2014;15150;16/12/2015;10550;15/03/2017;9050;17/05/2018;8700;11/07/2019;12425
02/10/2014;14700;;02/10/2014;14700;17/12/2015;10800;16/03/2017;9175;18/05/2018;8700;12/07/2019;12400
03/10/2014;14625;;03/10/2014;14625;18/12/2015;10475;17/03/2017;9225;21/05/2018;8350;15/07/2019;12500
06/10/2014;15050;;06/10/2014;15050;21/12/2015;10900;20/03/2017;9350;22/05/2018;8375;16/07/2019;12350
07/10/2014;15400;;07/10/2014;15400;22/12/2015;10975;21/03/2017;9150;23/05/2018;8300;17/07/2019;12500
08/10/2014;14750;;08/10/2014;14750;23/12/2015;11200;22/03/2017;9225;24/05/2018;8525;18/07/2019;12550
09/10/2014;14825;;09/10/2014;14825;28/12/2015;11050;23/03/2017;9075;25/05/2018;8775;19/07/2019;12575
10/10/2014;14850;;10/10/2014;14850;29/12/2015;11175;24/03/2017;8950;28/05/2018;8750;22/07/2019;12450
13/10/2014;15100;;13/10/2014;15100;30/12/2015;11400;27/03/2017;8775;29/05/2018;8750;23/07/2019;12525
14/10/2014;15100;;14/10/2014;15100;04/01/2016;11125;29/03/2017;9075;30/05/2018;8400;24/07/2019;12600
15/10/2014;15625;;15/10/2014;15625;05/01/2016;11150;30/03/2017;8850;31/05/2018;8400;25/07/2019;12475
16/10/2014;15500;;16/10/2014;15500;06/01/2016;11450;31/03/2017;9000;01/06/2018;8400;26/07/2019;12400
17/10/2014;16000;;17/10/2014;16000;07/01/2016;11050;03/04/2017;9050;04/06/2018;8675;29/07/2019;12550
20/10/2014;16000;;20/10/2014;16000;08/01/2016;10975;04/04/2017;9125;05/06/2018;8800;30/07/2019;12650
21/10/2014;15700;;21/10/2014;15700;11/01/2016;10700;05/04/2017;9125;06/06/2018;8700;31/07/2019;12875
22/10/2014;16100;;22/10/2014;16100;12/01/2016;10825;06/04/2017;9150;07/06/2018;8725;01/08/2019;13050
23/10/2014;16100;;23/10/2014;16100;13/01/2016;10900;07/04/2017;9175;08/06/2018;8275;02/08/2019;12950
24/10/2014;15900;;24/10/2014;15900;14/01/2016;10600;10/04/2017;8975;11/06/2018;8275;05/08/2019;12400
27/10/2014;15800;;27/10/2014;15800;15/01/2016;10600;11/04/2017;8800;12/06/2018;8275;06/08/2019;12575
28/10/2014;15575;;28/10/2014;15575;18/01/2016;10450;12/04/2017;8975;13/06/2018;8275;07/08/2019;12725
29/10/2014;16025;;29/10/2014;16025;19/01/2016;10575;13/04/2017;8875;14/06/2018;8275;08/08/2019;12900
30/10/2014;15700;;30/10/2014;15700;20/01/2016;10200;17/04/2017;8800;15/06/2018;8275;09/08/2019;12800
31/10/2014;15875;;31/10/2014;15875;21/01/2016;10075;18/04/2017;8750;18/06/2018;8275;12/08/2019;12800
03/11/2014;15775;;03/11/2014;15775;22/01/2016;10350;19/04/2017;8750;19/06/2018;8275;13/08/2019;12400
04/11/2014;15700;;04/11/2014;15700;25/01/2016;10300;20/04/2017;8675;20/06/2018;8175;14/08/2019;12850
05/11/2014;15600;;05/11/2014;15600;26/01/2016;10050;21/04/2017;8700;21/06/2018;7775;15/08/2019;12950
06/11/2014;15375;;06/11/2014;15375;27/01/2016;10575;25/04/2017;8975;22/06/2018;7625;16/08/2019;12900
07/11/2014;15300;;07/11/2014;15300;28/01/2016;10700;26/04/2017;9000;25/06/2018;7650;20/08/2019;13225
10/11/2014;15200;;10/11/2014;15200;29/01/2016;11050;27/04/2017;8825;26/06/2018;7600;21/08/2019;12975
11/11/2014;15300;;11/11/2014;15300;01/02/2016;10975;28/04/2017;8825;27/06/2018;7650;22/08/2019;13025
12/11/2014;15475;;12/11/2014;15475;02/02/2016;10800;02/05/2017;8800;28/06/2018;7075;23/08/2019;13075
13/11/2014;15600;;13/11/2014;15600;03/02/2016;10475;03/05/2017;8725;29/06/2018;7125;26/08/2019;12875
14/11/2014;15975;;14/11/2014;15975;04/02/2016;10625;04/05/2017;8650;02/07/2018;6950;27/08/2019;12900
17/11/2014;15850;;17/11/2014;15850;05/02/2016;10825;05/05/2017;8800;03/07/2018;6725;28/08/2019;12950
18/11/2014;15950;;18/11/2014;15950;09/02/2016;10700;08/05/2017;8750;04/07/2018;6925;29/08/2019;13100
19/11/2014;16075;;19/11/2014;16075;10/02/2016;10750;09/05/2017;8750;05/07/2018;6850;30/08/2019;13250
20/11/2014;16000;;20/11/2014;16000;11/02/2016;10975;10/05/2017;8650;06/07/2018;6950;02/09/2019;13275
21/11/2014;16100;;21/11/2014;16100;12/02/2016;10875;12/05/2017;8850;09/07/2018;7050;03/09/2019;13300
24/11/2014;16300;;24/11/2014;16300;15/02/2016;10750;15/05/2017;8900;10/07/2018;7575;04/09/2019;13350
25/11/2014;16075;;25/11/2014;16075;16/02/2016;10700;16/05/2017;9200;11/07/2018;7575;05/09/2019;13425
26/11/2014;16000;;26/11/2014;16000;17/02/2016;10575;17/05/2017;9100;12/07/2018;7425;06/09/2019;13450
27/11/2014;16050;;27/11/2014;16050;18/02/2016;10475;18/05/2017;9200;13/07/2018;7250;09/09/2019;13425
28/11/2014;16000;;28/11/2014;16000;19/02/2016;10175;19/05/2017;9200;16/07/2018;7050;10/09/2019;12850
01/12/2014;16675;;01/12/2014;16675;22/02/2016;10125;22/05/2017;9400;17/07/2018;7100;11/09/2019;12175
02/12/2014;16500;;02/12/2014;16500;23/02/2016;10100;23/05/2017;9350;18/07/2018;7075;12/09/2019;12475
03/12/2014;16575;;03/12/2014;16575;24/02/2016;10100;24/05/2017;9250;19/07/2018;6925;13/09/2019;12800
04/12/2014;16500;;04/12/2014;16500;25/02/2016;10200;26/05/2017;9250;20/07/2018;7225;16/09/2019;12900
05/12/2014;16550;;05/12/2014;16550;26/02/2016;10250;29/05/2017;9350;23/07/2018;7400;17/09/2019;12725
08/12/2014;16625;;08/12/2014;16625;29/02/2016;10250;30/05/2017;9200;24/07/2018;7625;18/09/2019;12825
09/12/2014;16475;;09/12/2014;16475;01/03/2016;10250;31/05/2017;9450;25/07/2018;7675;19/09/2019;12450
10/12/2014;16550;;10/12/2014;16550;02/03/2016;10400;01/06/2017;9450;26/07/2018;7625;20/09/2019;12850
11/12/2014;16375;;11/12/2014;16375;03/03/2016;10375;02/06/2017;9325;27/07/2018;7725;23/09/2019;12500
12/12/2014;16525;;12/12/2014;16525;04/03/2016;10425;05/06/2017;9300;30/07/2018;7850;24/09/2019;12275
15/12/2014;16150;;15/12/2014;16150;07/03/2016;10400;06/06/2017;9300;31/07/2018;7600;25/09/2019;12225
16/12/2014;15500;;16/12/2014;15500;08/03/2016;10400;07/06/2017;9200;01/08/2018;8625;26/09/2019;12250
17/12/2014;15350;;17/12/2014;15350;10/03/2016;10600;08/06/2017;9025;02/08/2018;8575;27/09/2019;11850
18/12/2014;15800;;18/12/2014;15800;15/03/2016;10475;09/06/2017;9375;03/08/2018;8925;30/09/2019;11550
19/12/2014;15975;;19/12/2014;15975;16/03/2016;10600;12/06/2017;9650;06/08/2018;9000;01/10/2019;11200
22/12/2014;16000;;22/12/2014;16000;17/03/2016;10575;13/06/2017;9675;07/08/2018;8950;02/10/2019;10950
23/12/2014;16075;;23/12/2014;16075;18/03/2016;10500;14/06/2017;9850;08/08/2018;8600;03/10/2019;10825
24/12/2014;16100;;24/12/2014;16100;21/03/2016;10450;15/06/2017;10075;09/08/2018;8325;04/10/2019;11525
29/12/2014;16175;;29/12/2014;16175;22/03/2016;10650;16/06/2017;9850;10/08/2018;8400;07/10/2019;11300
30/12/2014;16200;;30/12/2014;16200;23/03/2016;10725;19/06/2017;10150;13/08/2018;8100;08/10/2019;11450
02/01/2015;16200;;02/01/2015;16200;24/03/2016;10725;20/06/2017;10200;14/08/2018;7600;09/10/2019;11350
05/01/2015;16225;;05/01/2015;16225;28/03/2016;10600;21/06/2017;10200;15/08/2018;8000;10/10/2019;11550
06/01/2015;15925;;06/01/2015;15925;29/03/2016;10250;22/06/2017;10000;16/08/2018;8150;11/10/2019;11825
07/01/2015;15975;;07/01/2015;15975;30/03/2016;10125;23/06/2017;10000;17/08/2018;8150;14/10/2019;12100
08/01/2015;15875;;08/01/2015;15875;31/03/2016;10175;26/06/2017;10000;20/08/2018;8450;15/10/2019;12350
09/01/2015;15750;;09/01/2015;15750;01/04/2016;10200;27/06/2017;10000;21/08/2018;8625;16/10/2019;12600
12/01/2015;15950;;12/01/2015;15950;04/04/2016;10225;28/06/2017;10000;22/08/2018;8625;17/10/2019;12700
13/01/2015;16150;;13/01/2015;16150;05/04/2016;10250;29/06/2017;10000;23/08/2018;9075;18/10/2019;12500
14/01/2015;15925;;14/01/2015;15925;06/04/2016;10275;30/06/2017;10000;24/08/2018;8750;21/10/2019;12625
15/01/2015;16200;;15/01/2015;16200;07/04/2016;10300;03/07/2017;10200;27/08/2018;9400;22/10/2019;12575
16/01/2015;15000;;16/01/2015;15000;08/04/2016;10425;04/07/2017;10150;28/08/2018;9200;23/10/2019;12675
19/01/2015;14100;;19/01/2015;14100;12/04/2016;10500;05/07/2017;9950;29/08/2018;9200;24/10/2019;12700
20/01/2015;14175;;20/01/2015;14175;19/04/2016;10500;06/07/2017;10125;30/08/2018;9250;25/10/2019;12525
21/01/2015;14100;;21/01/2015;14100;20/04/2016;10425;07/07/2017;10200;31/08/2018;9450;28/10/2019;12950
22/01/2015;14400;;22/01/2015;14400;21/04/2016;10525;10/07/2017;10000;03/09/2018;9275;29/10/2019;13000
23/01/2015;14475;;23/01/2015;14475;22/04/2016;10525;11/07/2017;10000;04/09/2018;9275;30/10/2019;13325
26/01/2015;14475;;26/01/2015;14475;25/04/2016;10550;12/07/2017;10025;05/09/2018;8850;31/10/2019;12650
27/01/2015;14525;;27/01/2015;14525;26/04/2016;10325;13/07/2017;10100;06/09/2018;8875;01/11/2019;12800
28/01/2015;14475;;28/01/2015;14475;27/04/2016;10125;14/07/2017;10175;07/09/2018;8975;04/11/2019;12700
29/01/2015;14400;;29/01/2015;14400;28/04/2016;10050;17/07/2017;10100;10/09/2018;8775;05/11/2019;12475
30/01/2015;14575;;30/01/2015;14575;29/04/2016;9900;18/07/2017;10300;11/09/2018;8775;06/11/2019;12650
02/02/2015;14500;;02/02/2015;14500;02/05/2016;9550;19/07/2017;10175;12/09/2018;8700;07/11/2019;12800
03/02/2015;14675;;03/02/2015;14675;03/05/2016;9800;20/07/2017;10200;13/09/2018;9000;08/11/2019;12825
04/02/2015;14775;;04/02/2015;14775;04/05/2016;9825;21/07/2017;10100;14/09/2018;9000;11/11/2019;12700
05/02/2015;14625;;05/02/2015;14625;09/05/2016;9275;24/07/2017;10150;17/09/2018;8800;12/11/2019;12650
06/02/2015;14775;;06/02/2015;14775;10/05/2016;9400;25/07/2017;10150;18/09/2018;8525;13/11/2019;12525
09/02/2015;14900;;09/02/2015;14900;11/05/2016;9650;26/07/2017;10075;19/09/2018;9000;14/11/2019;12600
10/02/2015;14725;;10/02/2015;14725;12/05/2016;9350;27/07/2017;10050;20/09/2018;9075;15/11/2019;12750
11/02/2015;14725;;11/02/2015;14725;13/05/2016;9000;28/07/2017;10050;21/09/2018;9300;19/11/2019;12425
12/02/2015;14400;;12/02/2015;14400;16/05/2016;9100;31/07/2017;9950;24/09/2018;9125;20/11/2019;12400
13/02/2015;14450;;13/02/2015;14450;17/05/2016;9050;01/08/2017;9925;25/09/2018;9025;21/11/2019;12450
16/02/2015;14500;;16/02/2015;14500;18/05/2016;9100;02/08/2017;10700;26/09/2018;9150;22/11/2019;12250
17/02/2015;14675;;17/02/2015;14675;19/05/2016;8850;03/08/2017;10475;27/09/2018;9425;25/11/2019;12100
18/02/2015;14775;;18/02/2015;14775;20/05/2016;9000;04/08/2017;10325;28/09/2018;9925;26/11/2019;12000
20/02/2015;14750;;20/02/2015;14750;23/05/2016;8825;07/08/2017;10575;01/10/2018;9600;27/11/2019;11975
23/02/2015;14800;;23/02/2015;14800;24/05/2016;8700;08/08/2017;10525;02/10/2018;9025;28/11/2019;11600
24/02/2015;14925;;24/02/2015;14925;25/05/2016;8825;09/08/2017;10900;03/10/2018;9150;29/11/2019;11450
25/02/2015;15150;;25/02/2015;15150;26/05/2016;8825;10/08/2017;10900;04/10/2018;8850;02/12/2019;11550
26/02/2015;15100;;26/02/2015;15100;27/05/2016;9100;11/08/2017;10675;05/10/2018;8925;03/12/2019;11725
27/02/2015;14875;;27/02/2015;14875;30/05/2016;9125;14/08/2017;10975;08/10/2018;9300;04/12/2019;11725
02/03/2015;14900;;02/03/2015;14900;31/05/2016;9000;15/08/2017;10900;09/10/2018;9300;05/12/2019;12425
03/03/2015;14825;;03/03/2015;14825;01/06/2016;9100;16/08/2017;11000;10/10/2018;9125;06/12/2019;12425
04/03/2015;14875;;04/03/2015;14875;02/06/2016;9000;17/08/2017;11000;11/10/2018;8900;09/12/2019;12450
05/03/2015;14900;;05/03/2015;14900;03/06/2016;9025;18/08/2017;10875;12/10/2018;8900;10/12/2019;12325
06/03/2015;14950;;06/03/2015;14950;06/06/2016;9225;21/08/2017;10850;15/10/2018;8825;11/12/2019;11925
09/03/2015;14750;;09/03/2015;14750;07/06/2016;9325;22/08/2017;10850;16/10/2018;8975;12/12/2019;12000
10/03/2015;14700;;10/03/2015;14700;08/06/2016;9225;23/08/2017;10700;17/10/2018;9000;13/12/2019;12300
11/03/2015;14450;;11/03/2015;14450;09/06/2016;9000;24/08/2017;10750;18/10/2018;9000;16/12/2019;12250
12/03/2015;14375;;12/03/2015;14375;10/06/2016;8875;25/08/2017;10575;19/10/2018;8925;17/12/2019;12275
13/03/2015;14225;;13/03/2015;14225;13/06/2016;8850;28/08/2017;10525;22/10/2018;9000;18/12/2019;12500
16/03/2015;14400;;16/03/2015;14400;14/06/2016;8800;29/08/2017;10475;23/10/2018;9100;19/12/2019;12575
17/03/2015;14500;;17/03/2015;14500;15/06/2016;8900;30/08/2017;10375;24/10/2018;9100;20/12/2019;12375
18/03/2015;14250;;18/03/2015;14250;16/06/2016;8800;31/08/2017;10475;25/10/2018;8950;23/12/2019;12250
19/03/2015;14400;;19/03/2015;14400;17/06/2016;9050;01/09/2017;10475;26/10/2018;8925;26/12/2019;12325
20/03/2015;13800;;20/03/2015;13800;20/06/2016;9125;04/09/2017;9975;29/10/2018;8600;27/12/2019;12225
23/03/2015;13525;;23/03/2015;13525;21/06/2016;9050;05/09/2017;9700;30/10/2018;8650;30/12/2019;12000
24/03/2015;13425;;24/03/2015;13425;22/06/2016;8975;06/09/2017;9700;31/10/2018;9000;02/01/2020;12200
25/03/2015;12875;;25/03/2015;12875;23/06/2016;8975;07/09/2017;9825;01/11/2018;9250;03/01/2020;12325
26/03/2015;13000;;26/03/2015;13000;24/06/2016;8850;08/09/2017;10300;02/11/2018;9725;06/01/2020;12275
27/03/2015;13450;;27/03/2015;13450;27/06/2016;8800;11/09/2017;10450;05/11/2018;9700;07/01/2020;12300
30/03/2015;13550;;;;28/06/2016;8825;12/09/2017;10450;06/11/2018;9750;08/01/2020;12000
31/03/2015;13650;;;;;;;;;;;
01/04/2015;13650;;;;;;;;;;;
02/04/2015;13600;;;;;;;;;;;
06/04/2015;13625;;;;;;;;;;;
07/04/2015;13675;;;;;;;;;;;
08/04/2015;13475;;;;;;;;;;;
09/04/2015;13550;;;;;;;;;;;
10/04/2015;13425;;;;;;;;;;;
13/04/2015;13000;;;;;;;;;;;
14/04/2015;12850;;;;;;;;;;;
15/04/2015;13125;;;;;;;;;;;
16/04/2015;13700;;;;;;;;;;;
17/04/2015;13800;;;;;;;;;;;
20/04/2015;13750;;;;;;;;;;;
21/04/2015;13825;;;;;;;;;;;
22/04/2015;13700;;;;;;;;;;;
23/04/2015;13550;;;;;;;;;;;
24/04/2015;13525;;;;;;;;;;;
27/04/2015;13325;;;;;;;;;;;
28/04/2015;13225;;;;;;;;;;;
29/04/2015;12975;;;;;;;;;;;
30/04/2015;12500;;;;;;;;;;;
04/05/2015;12725;;;;;;;;;;;
05/05/2015;13000;;;;;;;;;;;
06/05/2015;13100;;;;;;;;;;;
07/05/2015;12875;;;;;;;;;;;
08/05/2015;13325;;;;;;;;;;;
11/05/2015;13275;;;;;;;;;;;
12/05/2015;13225;;;;;;;;;;;
13/05/2015;13025;;;;;;;;;;;
15/05/2015;13300;;;;;;;;;;;
18/05/2015;13375;;;;;;;;;;;
19/05/2015;13325;;;;;;;;;;;
20/05/2015;13150;;;;;;;;;;;
21/05/2015;13200;;;;;;;;;;;
22/05/2015;13125;;;;;;;;;;;
25/05/2015;13150;;;;;;;;;;;
26/05/2015;13250;;;;;;;;;;;
27/05/2015;13175;;;;;;;;;;;
28/05/2015;13350;;;;;;;;;;;
29/05/2015;13450;;;;;;;;;;;
01/06/2015;13475;;;;;;;;;;;
03/06/2015;13300;;;;;;;;;;;
04/06/2015;13250;;;;;;;;;;;
05/06/2015;13225;;;;;;;;;;;
08/06/2015;12975;;;;;;;;;;;
09/06/2015;12575;;;;;;;;;;;
10/06/2015;12825;;;;;;;;;;;
11/06/2015;12650;;;;;;;;;;;
12/06/2015;12525;;;;;;;;;;;
15/06/2015;12300;;;;;;;;;;;
16/06/2015;12150;;;;;;;;;;;
17/06/2015;12400;;;;;;;;;;;
18/06/2015;12300;;;;;;;;;;;
19/06/2015;12425;;;;;;;;;;;
22/06/2015;12350;;;;;;;;;;;
23/06/2015;12250;;;;;;;;;;;
24/06/2015;12300;;;;;;;;;;;
25/06/2015;12100;;;;;;;;;;;
26/06/2015;12075;;;;;;;;;;;
29/06/2015;12000;;;;;;;;;;;
30/06/2015;12000;;;;;;;;;;;
01/07/2015;12000;;;;;;;;;;;
02/07/2015;12350;;;;;;;;;;;
03/07/2015;12250;;;;;;;;;;;
06/07/2015;11900;;;;;;;;;;;
07/07/2015;11625;;;;;;;;;;;
08/07/2015;11525;;;;;;;;;;;
09/07/2015;11300;;;;;;;;;;;
10/07/2015;11200;;;;;;;;;;;
13/07/2015;11300;;;;;;;;;;;
14/07/2015;11550;;;;;;;;;;;
15/07/2015;11575;;;;;;;;;;;
22/07/2015;11600;;;;;;;;;;;
23/07/2015;11500;;;;;;;;;;;
24/07/2015;11225;;;;;;;;;;;
27/07/2015;10250;;;;;;;;;;;
28/07/2015;10100;;;;;;;;;;;
29/07/2015;10275;;;;;;;;;;;
30/07/2015;9925;;;;;;;;;;;
31/07/2015;10100;;;;;;;;;;;
03/08/2015;9850;;;;;;;;;;;
04/08/2015;9950;;;;;;;;;;;
05/08/2015;10200;;;;;;;;;;;
06/08/2015;9875;;;;;;;;;;;
07/08/2015;9950;;;;;;;;;;;
10/08/2015;9700;;;;;;;;;;;
11/08/2015;9050;;;;;;;;;;;
12/08/2015;8650;;;;;;;;;;;
13/08/2015;8850;;;;;;;;;;;
14/08/2015;8725;;;;;;;;;;;
18/08/2015;8225;;;;;;;;;;;
19/08/2015;8250;;;;;;;;;;;
20/08/2015;8075;;;;;;;;;;;
21/08/2015;7975;;;;;;;;;;;
24/08/2015;7200;;;;;;;;;;;
25/08/2015;7700;;;;;;;;;;;
26/08/2015;8675;;;;;;;;;;;
27/08/2015;8950;;;;;;;;;;;
28/08/2015;9350;;;;;;;;;;;
31/08/2015;9250;;;;;;;;;;;
01/09/2015;9025;;;;;;;;;;;
02/09/2015;9025;;;;;;;;;;;
03/09/2015;9225;;;;;;;;;;;
04/09/2015;9050;;;;;;;;;;;
07/09/2015;8375;;;;;;;;;;;
08/09/2015;8800;;;;;;;;;;;
09/09/2015;9250;;;;;;;;;;;
10/09/2015;10300;;;;;;;;;;;
11/09/2015;10300;;;;;;;;;;;
14/09/2015;10200;;;;;;;;;;;
15/09/2015;10000;;;;;;;;;;;
16/09/2015;9700;;;;;;;;;;;
17/09/2015;9700;;;;;;;;;;;
18/09/2015;9775;;;;;;;;;;;
21/09/2015;9750;;;;;;;;;;;
22/09/2015;9475;;;;;;;;;;;
23/09/2015;9475;;;;;;;;;;;
25/09/2015;9475;;;;;;;;;;;
28/09/2015;9150;;;;;;;;;;;
29/09/2015;9100;;;;;;;;;;;
30/09/2015;9050;;;;;;;;;;;
01/10/2015;9200;;;;;;;;;;;
02/10/2015;9100;;;;;;;;;;;
05/10/2015;10050;;;;;;;;;;;
06/10/2015;10075;;;;;;;;;;;
07/10/2015;10750;;;;;;;;;;;
08/10/2015;10450;;;;;;;;;;;
09/10/2015;10550;;;;;;;;;;;
12/10/2015;10600;;;;;;;;;;;
13/10/2015;10150;;;;;;;;;;;
15/10/2015;10150;;;;;;;;;;;
16/10/2015;10400;;;;;;;;;;;
19/10/2015;10625;;;;;;;;;;;
20/10/2015;10575;;;;;;;;;;;
21/10/2015;11250;;;;;;;;;;;
22/10/2015;10725;;;;;;;;;;;
23/10/2015;10850;;;;;;;;;;;
26/10/2015;10700;;;;;;;;;;;
27/10/2015;10325;;;;;;;;;;;
28/10/2015;10325;;;;;;;;;;;
29/10/2015;9800;;;;;;;;;;;
30/10/2015;9800;;;;;;;;;;;
02/11/2015;9750;;;;;;;;;;;
03/11/2015;10200;;;;;;;;;;;
04/11/2015;10600;;;;;;;;;;;
05/11/2015;10650;;;;;;;;;;;
06/11/2015;10675;;;;;;;;;;;
09/11/2015;10250;;;;;;;;;;;
10/11/2015;9950;;;;;;;;;;;
11/11/2015;10500;;;;;;;;;;;
12/11/2015;10150;;;;;;;;;;;
13/11/2015;10675;;;;;;;;;;;
16/11/2015;10800;;;;;;;;;;;
17/11/2015;11100;;;;;;;;;;;
18/11/2015;11500;;;;;;;;;;;
19/11/2015;11400;;;;;;;;;;;
20/11/2015;11400;;;;;;;;;;;
23/11/2015;11400;;;;;;;;;;;
24/11/2015;10925;;;;;;;;;;;
25/11/2015;11050;;;;;;;;;;;
26/11/2015;11175;;;;;;;;;;;
27/11/2015;11025;;;;;;;;;;;
30/11/2015;10625;;;;;;;;;;;
01/12/2015;11025;;;;;;;;;;;
02/12/2015;11175;;;;;;;;;;;
03/12/2015;11075;;;;;;;;;;;
04/12/2015;10950;;;;;;;;;;;
07/12/2015;11000;;;;;;;;;;;
08/12/2015;10975;;;;;;;;;;;
09/12/2015;10975;;;;;;;;;;;
10/12/2015;11200;;;;;;;;;;;
11/12/2015;10750;;;;;;;;;;;
14/12/2015;10450;;;;;;;;;;;
15/12/2015;10400;;;;;;;;;;;
16/12/2015;10550;;;;;;;;;;;
17/12/2015;10800;;;;;;;;;;;
18/12/2015;10475;;;;;;;;;;;
21/12/2015;10900;;;;;;;;;;;
22/12/2015;10975;;;;;;;;;;;
23/12/2015;11200;;;;;;;;;;;
28/12/2015;11050;;;;;;;;;;;
29/12/2015;11175;;;;;;;;;;;
30/12/2015;11400;;;;;;;;;;;
04/01/2016;11125;;;;;;;;;;;
05/01/2016;11150;;;;;;;;;;;
06/01/2016;11450;;;;;;;;;;;
07/01/2016;11050;;;;;;;;;;;
08/01/2016;10975;;;;;;;;;;;
11/01/2016;10700;;;;;;;;;;;
12/01/2016;10825;;;;;;;;;;;
13/01/2016;10900;;;;;;;;;;;
14/01/2016;10600;;;;;;;;;;;
15/01/2016;10600;;;;;;;;;;;
18/01/2016;10450;;;;;;;;;;;
19/01/2016;10575;;;;;;;;;;;
20/01/2016;10200;;;;;;;;;;;
21/01/2016;10075;;;;;;;;;;;
22/01/2016;10350;;;;;;;;;;;
25/01/2016;10300;;;;;;;;;;;
26/01/2016;10050;;;;;;;;;;;
27/01/2016;10575;;;;;;;;;;;
28/01/2016;10700;;;;;;;;;;;
29/01/2016;11050;;;;;;;;;;;
01/02/2016;10975;;;;;;;;;;;
02/02/2016;10800;;;;;;;;;;;
03/02/2016;10475;;;;;;;;;;;
04/02/2016;10625;;;;;;;;;;;
05/02/2016;10825;;;;;;;;;;;
09/02/2016;10700;;;;;;;;;;;
10/02/2016;10750;;;;;;;;;;;
11/02/2016;10975;;;;;;;;;;;
12/02/2016;10875;;;;;;;;;;;
15/02/2016;10750;;;;;;;;;;;
16/02/2016;10700;;;;;;;;;;;
17/02/2016;10575;;;;;;;;;;;
18/02/2016;10475;;;;;;;;;;;
19/02/2016;10175;;;;;;;;;;;
22/02/2016;10125;;;;;;;;;;;
23/02/2016;10100;;;;;;;;;;;
24/02/2016;10100;;;;;;;;;;;
25/02/2016;10200;;;;;;;;;;;
26/02/2016;10250;;;;;;;;;;;
29/02/2016;10250;;;;;;;;;;;
01/03/2016;10250;;;;;;;;;;;
02/03/2016;10400;;;;;;;;;;;
03/03/2016;10375;;;;;;;;;;;
04/03/2016;10425;;;;;;;;;;;
07/03/2016;10400;;;;;;;;;;;
08/03/2016;10400;;;;;;;;;;;
10/03/2016;10600;;;;;;;;;;;
15/03/2016;10475;;;;;;;;;;;
16/03/2016;10600;;;;;;;;;;;
17/03/2016;10575;;;;;;;;;;;
18/03/2016;10500;;;;;;;;;;;
21/03/2016;10450;;;;;;;;;;;
22/03/2016;10650;;;;;;;;;;;
23/03/2016;10725;;;;;;;;;;;
24/03/2016;10725;;;;;;;;;;;
28/03/2016;10600;;;;;;;;;;;
29/03/2016;10250;;;;;;;;;;;
30/03/2016;10125;;;;;;;;;;;
31/03/2016;10175;;;;;;;;;;;
01/04/2016;10200;;;;;;;;;;;
04/04/2016;10225;;;;;;;;;;;
05/04/2016;10250;;;;;;;;;;;
06/04/2016;10275;;;;;;;;;;;
07/04/2016;10300;;;;;;;;;;;
08/04/2016;10425;;;;;;;;;;;
12/04/2016;10500;;;;;;;;;;;
19/04/2016;10500;;;;;;;;;;;
20/04/2016;10425;;;;;;;;;;;
21/04/2016;10525;;;;;;;;;;;
22/04/2016;10525;;;;;;;;;;;
25/04/2016;10550;;;;;;;;;;;
26/04/2016;10325;;;;;;;;;;;
27/04/2016;10125;;;;;;;;;;;
28/04/2016;10050;;;;;;;;;;;
29/04/2016;9900;;;;;;;;;;;
02/05/2016;9550;;;;;;;;;;;
03/05/2016;9800;;;;;;;;;;;
04/05/2016;9825;;;;;;;;;;;
09/05/2016;9275;;;;;;;;;;;
10/05/2016;9400;;;;;;;;;;;
11/05/2016;9650;;;;;;;;;;;
12/05/2016;9350;;;;;;;;;;;
13/05/2016;9000;;;;;;;;;;;
16/05/2016;9100;;;;;;;;;;;
17/05/2016;9050;;;;;;;;;;;
18/05/2016;9100;;;;;;;;;;;
19/05/2016;8850;;;;;;;;;;;
20/05/2016;9000;;;;;;;;;;;
23/05/2016;8825;;;;;;;;;;;
24/05/2016;8700;;;;;;;;;;;
25/05/2016;8825;;;;;;;;;;;
26/05/2016;8825;;;;;;;;;;;
27/05/2016;9100;;;;;;;;;;;
30/05/2016;9125;;;;;;;;;;;
31/05/2016;9000;;;;;;;;;;;
01/06/2016;9100;;;;;;;;;;;
02/06/2016;9000;;;;;;;;;;;
03/06/2016;9025;;;;;;;;;;;
06/06/2016;9225;;;;;;;;;;;
07/06/2016;9325;;;;;;;;;;;
08/06/2016;9225;;;;;;;;;;;
09/06/2016;9000;;;;;;;;;;;
10/06/2016;8875;;;;;;;;;;;
13/06/2016;8850;;;;;;;;;;;
14/06/2016;8800;;;;;;;;;;;
15/06/2016;8900;;;;;;;;;;;
16/06/2016;8800;;;;;;;;;;;
17/06/2016;9050;;;;;;;;;;;
20/06/2016;9125;;;;;;;;;;;
21/06/2016;9050;;;;;;;;;;;
22/06/2016;8975;;;;;;;;;;;
23/06/2016;8975;;;;;;;;;;;
24/06/2016;8850;;;;;;;;;;;
27/06/2016;8800;;;;;;;;;;;
28/06/2016;8825;;;;;;;;;;;
29/06/2016;9175;;;;;;;;;;;
30/06/2016;9350;;;;;;;;;;;
01/07/2016;9250;;;;;;;;;;;
11/07/2016;9675;;;;;;;;;;;
12/07/2016;9825;;;;;;;;;;;
13/07/2016;9525;;;;;;;;;;;
14/07/2016;9275;;;;;;;;;;;
15/07/2016;9050;;;;;;;;;;;
18/07/2016;8975;;;;;;;;;;;
19/07/2016;9525;;;;;;;;;;;
20/07/2016;9500;;;;;;;;;;;
21/07/2016;9425;;;;;;;;;;;
22/07/2016;9300;;;;;;;;;;;
25/07/2016;9400;;;;;;;;;;;
26/07/2016;9500;;;;;;;;;;;
27/07/2016;9700;;;;;;;;;;;
28/07/2016;9675;;;;;;;;;;;
29/07/2016;9375;;;;;;;;;;;
01/08/2016;10000;;;;;;;;;;;
02/08/2016;9900;;;;;;;;;;;
03/08/2016;10175;;;;;;;;;;;
04/08/2016;10125;;;;;;;;;;;
05/08/2016;10350;;;;;;;;;;;
08/08/2016;10775;;;;;;;;;;;
09/08/2016;11600;;;;;;;;;;;
10/08/2016;11400;;;;;;;;;;;
11/08/2016;11075;;;;;;;;;;;
12/08/2016;11000;;;;;;;;;;;
15/08/2016;10900;;;;;;;;;;;
16/08/2016;11050;;;;;;;;;;;
18/08/2016;11225;;;;;;;;;;;
19/08/2016;11100;;;;;;;;;;;
22/08/2016;11150;;;;;;;;;;;
23/08/2016;10775;;;;;;;;;;;
24/08/2016;10400;;;;;;;;;;;
25/08/2016;10425;;;;;;;;;;;
26/08/2016;10500;;;;;;;;;;;
29/08/2016;10400;;;;;;;;;;;
30/08/2016;10100;;;;;;;;;;;
31/08/2016;9900;;;;;;;;;;;
01/09/2016;9800;;;;;;;;;;;
02/09/2016;10000;;;;;;;;;;;
05/09/2016;10150;;;;;;;;;;;
06/09/2016;10200;;;;;;;;;;;
07/09/2016;10050;;;;;;;;;;;
08/09/2016;10050;;;;;;;;;;;
09/09/2016;10050;;;;;;;;;;;
13/09/2016;9850;;;;;;;;;;;
14/09/2016;9700;;;;;;;;;;;
15/09/2016;9950;;;;;;;;;;;
16/09/2016;9900;;;;;;;;;;;
19/09/2016;10125;;;;;;;;;;;
20/09/2016;10000;;;;;;;;;;;
21/09/2016;9825;;;;;;;;;;;
22/09/2016;10100;;;;;;;;;;;
23/09/2016;10400;;;;;;;;;;;
26/09/2016;10400;;;;;;;;;;;
27/09/2016;10450;;;;;;;;;;;
28/09/2016;10500;;;;;;;;;;;
29/09/2016;10575;;;;;;;;;;;
30/09/2016;10100;;;;;;;;;;;
03/10/2016;10400;;;;;;;;;;;
04/10/2016;10675;;;;;;;;;;;
05/10/2016;10500;;;;;;;;;;;
06/10/2016;10450;;;;;;;;;;;
07/10/2016;10400;;;;;;;;;;;
10/10/2016;10300;;;;;;;;;;;
11/10/2016;10000;;;;;;;;;;;
12/10/2016;10050;;;;;;;;;;;
13/10/2016;10075;;;;;;;;;;;
14/10/2016;10075;;;;;;;;;;;
17/10/2016;9900;;;;;;;;;;;
18/10/2016;10050;;;;;;;;;;;
19/10/2016;9975;;;;;;;;;;;
20/10/2016;9900;;;;;;;;;;;
21/10/2016;10000;;;;;;;;;;;
24/10/2016;9975;;;;;;;;;;;
25/10/2016;10150;;;;;;;;;;;
26/10/2016;10075;;;;;;;;;;;
27/10/2016;10075;;;;;;;;;;;
28/10/2016;9975;;;;;;;;;;;
31/10/2016;9850;;;;;;;;;;;
01/11/2016;9500;;;;;;;;;;;
02/11/2016;9450;;;;;;;;;;;
03/11/2016;9275;;;;;;;;;;;
04/11/2016;9275;;;;;;;;;;;
07/11/2016;9300;;;;;;;;;;;
08/11/2016;9400;;;;;;;;;;;
09/11/2016;9225;;;;;;;;;;;
10/11/2016;9275;;;;;;;;;;;
11/11/2016;8850;;;;;;;;;;;
14/11/2016;8425;;;;;;;;;;;
15/11/2016;8200;;;;;;;;;;;
16/11/2016;8450;;;;;;;;;;;
17/11/2016;8350;;;;;;;;;;;
18/11/2016;8425;;;;;;;;;;;
21/11/2016;8475;;;;;;;;;;;
22/11/2016;8425;;;;;;;;;;;
23/11/2016;8400;;;;;;;;;;;
24/11/2016;8050;;;;;;;;;;;
25/11/2016;8200;;;;;;;;;;;
28/11/2016;8675;;;;;;;;;;;
29/11/2016;8700;;;;;;;;;;;
30/11/2016;8875;;;;;;;;;;;
01/12/2016;9250;;;;;;;;;;;
02/12/2016;9250;;;;;;;;;;;
05/12/2016;9225;;;;;;;;;;;
06/12/2016;9225;;;;;;;;;;;
07/12/2016;9250;;;;;;;;;;;
08/12/2016;9200;;;;;;;;;;;
09/12/2016;9300;;;;;;;;;;;
13/12/2016;9300;;;;;;;;;;;
14/12/2016;9300;;;;;;;;;;;
15/12/2016;8975;;;;;;;;;;;
16/12/2016;9175;;;;;;;;;;;
19/12/2016;9100;;;;;;;;;;;
20/12/2016;8925;;;;;;;;;;;
21/12/2016;9125;;;;;;;;;;;
22/12/2016;8925;;;;;;;;;;;
23/12/2016;9050;;;;;;;;;;;
27/12/2016;9075;;;;;;;;;;;
28/12/2016;9325;;;;;;;;;;;
29/12/2016;9400;;;;;;;;;;;
30/12/2016;9175;;;;;;;;;;;
02/01/2017;9175;;;;;;;;;;;
03/01/2017;9100;;;;;;;;;;;
04/01/2017;9450;;;;;;;;;;;
05/01/2017;9500;;;;;;;;;;;
06/01/2017;9400;;;;;;;;;;;
09/01/2017;9125;;;;;;;;;;;
10/01/2017;9125;;;;;;;;;;;
11/01/2017;8850;;;;;;;;;;;
12/01/2017;8700;;;;;;;;;;;
13/01/2017;8775;;;;;;;;;;;
16/01/2017;8700;;;;;;;;;;;
17/01/2017;8625;;;;;;;;;;;
18/01/2017;8750;;;;;;;;;;;
19/01/2017;8725;;;;;;;;;;;
20/01/2017;8625;;;;;;;;;;;
23/01/2017;8600;;;;;;;;;;;
24/01/2017;8700;;;;;;;;;;;
25/01/2017;9025;;;;;;;;;;;
26/01/2017;9200;;;;;;;;;;;
27/01/2017;9225;;;;;;;;;;;
30/01/2017;9100;;;;;;;;;;;
31/01/2017;9025;;;;;;;;;;;
01/02/2017;9025;;;;;;;;;;;
02/02/2017;9300;;;;;;;;;;;
03/02/2017;9200;;;;;;;;;;;
06/02/2017;9275;;;;;;;;;;;
07/02/2017;9150;;;;;;;;;;;
08/02/2017;9250;;;;;;;;;;;
09/02/2017;9625;;;;;;;;;;;
10/02/2017;9750;;;;;;;;;;;
13/02/2017;9825;;;;;;;;;;;
14/02/2017;9350;;;;;;;;;;;
15/02/2017;9350;;;;;;;;;;;
16/02/2017;9500;;;;;;;;;;;
17/02/2017;9275;;;;;;;;;;;
20/02/2017;9200;;;;;;;;;;;
21/02/2017;9150;;;;;;;;;;;
22/02/2017;9225;;;;;;;;;;;
23/02/2017;9250;;;;;;;;;;;
24/02/2017;9575;;;;;;;;;;;
27/02/2017;9525;;;;;;;;;;;
28/02/2017;9625;;;;;;;;;;;
01/03/2017;9400;;;;;;;;;;;
02/03/2017;9425;;;;;;;;;;;
03/03/2017;9425;;;;;;;;;;;
06/03/2017;9500;;;;;;;;;;;
07/03/2017;9350;;;;;;;;;;;
08/03/2017;9325;;;;;;;;;;;
09/03/2017;9250;;;;;;;;;;;
10/03/2017;9425;;;;;;;;;;;
13/03/2017;9400;;;;;;;;;;;
14/03/2017;9200;;;;;;;;;;;
15/03/2017;9050;;;;;;;;;;;
16/03/2017;9175;;;;;;;;;;;
17/03/2017;9225;;;;;;;;;;;
20/03/2017;9350;;;;;;;;;;;
21/03/2017;9150;;;;;;;;;;;
22/03/2017;9225;;;;;;;;;;;
23/03/2017;9075;;;;;;;;;;;
24/03/2017;8950;;;;;;;;;;;
27/03/2017;8775;;;;;;;;;;;
29/03/2017;9075;;;;;;;;;;;
30/03/2017;8850;;;;;;;;;;;
31/03/2017;9000;;;;;;;;;;;
03/04/2017;9050;;;;;;;;;;;
04/04/2017;9125;;;;;;;;;;;
05/04/2017;9125;;;;;;;;;;;
06/04/2017;9150;;;;;;;;;;;
07/04/2017;9175;;;;;;;;;;;
10/04/2017;8975;;;;;;;;;;;
11/04/2017;8800;;;;;;;;;;;
12/04/2017;8975;;;;;;;;;;;
13/04/2017;8875;;;;;;;;;;;
17/04/2017;8800;;;;;;;;;;;
18/04/2017;8750;;;;;;;;;;;
19/04/2017;8750;;;;;;;;;;;
20/04/2017;8675;;;;;;;;;;;
21/04/2017;8700;;;;;;;;;;;
25/04/2017;8975;;;;;;;;;;;
26/04/2017;9000;;;;;;;;;;;
27/04/2017;8825;;;;;;;;;;;
28/04/2017;8825;;;;;;;;;;;
02/05/2017;8800;;;;;;;;;;;
03/05/2017;8725;;;;;;;;;;;
04/05/2017;8650;;;;;;;;;;;
05/05/2017;8800;;;;;;;;;;;
08/05/2017;8750;;;;;;;;;;;
09/05/2017;8750;;;;;;;;;;;
10/05/2017;8650;;;;;;;;;;;
12/05/2017;8850;;;;;;;;;;;
15/05/2017;8900;;;;;;;;;;;
16/05/2017;9200;;;;;;;;;;;
17/05/2017;9100;;;;;;;;;;;
18/05/2017;9200;;;;;;;;;;;
19/05/2017;9200;;;;;;;;;;;
22/05/2017;9400;;;;;;;;;;;
23/05/2017;9350;;;;;;;;;;;
24/05/2017;9250;;;;;;;;;;;
26/05/2017;9250;;;;;;;;;;;
29/05/2017;9350;;;;;;;;;;;
30/05/2017;9200;;;;;;;;;;;
31/05/2017;9450;;;;;;;;;;;
01/06/2017;9450;;;;;;;;;;;
02/06/2017;9325;;;;;;;;;;;
05/06/2017;9300;;;;;;;;;;;
06/06/2017;9300;;;;;;;;;;;
07/06/2017;9200;;;;;;;;;;;
08/06/2017;9025;;;;;;;;;;;
09/06/2017;9375;;;;;;;;;;;
12/06/2017;9650;;;;;;;;;;;
13/06/2017;9675;;;;;;;;;;;
14/06/2017;9850;;;;;;;;;;;
15/06/2017;10075;;;;;;;;;;;
16/06/2017;9850;;;;;;;;;;;
19/06/2017;10150;;;;;;;;;;;
20/06/2017;10200;;;;;;;;;;;
21/06/2017;10200;;;;;;;;;;;
22/06/2017;10000;;;;;;;;;;;
23/06/2017;10000;;;;;;;;;;;
26/06/2017;10000;;;;;;;;;;;
27/06/2017;10000;;;;;;;;;;;
28/06/2017;10000;;;;;;;;;;;
29/06/2017;10000;;;;;;;;;;;
30/06/2017;10000;;;;;;;;;;;
03/07/2017;10200;;;;;;;;;;;
04/07/2017;10150;;;;;;;;;;;
05/07/2017;9950;;;;;;;;;;;
06/07/2017;10125;;;;;;;;;;;
07/07/2017;10200;;;;;;;;;;;
10/07/2017;10000;;;;;;;;;;;
11/07/2017;10000;;;;;;;;;;;
12/07/2017;10025;;;;;;;;;;;
13/07/2017;10100;;;;;;;;;;;
14/07/2017;10175;;;;;;;;;;;
17/07/2017;10100;;;;;;;;;;;
18/07/2017;10300;;;;;;;;;;;
19/07/2017;10175;;;;;;;;;;;
20/07/2017;10200;;;;;;;;;;;
21/07/2017;10100;;;;;;;;;;;
24/07/2017;10150;;;;;;;;;;;
25/07/2017;10150;;;;;;;;;;;
26/07/2017;10075;;;;;;;;;;;
27/07/2017;10050;;;;;;;;;;;
28/07/2017;10050;;;;;;;;;;;
31/07/2017;9950;;;;;;;;;;;
01/08/2017;9925;;;;;;;;;;;
02/08/2017;10700;;;;;;;;;;;
03/08/2017;10475;;;;;;;;;;;
04/08/2017;10325;;;;;;;;;;;
07/08/2017;10575;;;;;;;;;;;
08/08/2017;10525;;;;;;;;;;;
09/08/2017;10900;;;;;;;;;;;
10/08/2017;10900;;;;;;;;;;;
11/08/2017;10675;;;;;;;;;;;
14/08/2017;10975;;;;;;;;;;;
15/08/2017;10900;;;;;;;;;;;
16/08/2017;11000;;;;;;;;;;;
17/08/2017;11000;;;;;;;;;;;
18/08/2017;10875;;;;;;;;;;;
21/08/2017;10850;;;;;;;;;;;
22/08/2017;10850;;;;;;;;;;;
23/08/2017;10700;;;;;;;;;;;
24/08/2017;10750;;;;;;;;;;;
25/08/2017;10575;;;;;;;;;;;
28/08/2017;10525;;;;;;;;;;;
29/08/2017;10475;;;;;;;;;;;
30/08/2017;10375;;;;;;;;;;;
31/08/2017;10475;;;;;;;;;;;
01/09/2017;10475;;;;;;;;;;;
04/09/2017;9975;;;;;;;;;;;
05/09/2017;9700;;;;;;;;;;;
06/09/2017;9700;;;;;;;;;;;
07/09/2017;9825;;;;;;;;;;;
08/09/2017;10300;;;;;;;;;;;
11/09/2017;10450;;;;;;;;;;;
12/09/2017;10450;;;;;;;;;;;
13/09/2017;10600;;;;;;;;;;;
14/09/2017;10500;;;;;;;;;;;
15/09/2017;10375;;;;;;;;;;;
18/09/2017;10000;;;;;;;;;;;
19/09/2017;9950;;;;;;;;;;;
20/09/2017;10100;;;;;;;;;;;
21/09/2017;10100;;;;;;;;;;;
22/09/2017;10000;;;;;;;;;;;
25/09/2017;9950;;;;;;;;;;;
26/09/2017;9900;;;;;;;;;;;
27/09/2017;9625;;;;;;;;;;;
28/09/2017;9950;;;;;;;;;;;
29/09/2017;10125;;;;;;;;;;;
02/10/2017;10200;;;;;;;;;;;
03/10/2017;10050;;;;;;;;;;;
04/10/2017;10300;;;;;;;;;;;
05/10/2017;10375;;;;;;;;;;;
06/10/2017;10700;;;;;;;;;;;
09/10/2017;10575;;;;;;;;;;;
10/10/2017;10650;;;;;;;;;;;
11/10/2017;10450;;;;;;;;;;;
12/10/2017;10750;;;;;;;;;;;
13/10/2017;10850;;;;;;;;;;;
16/10/2017;10900;;;;;;;;;;;
17/10/2017;10850;;;;;;;;;;;
18/10/2017;10825;;;;;;;;;;;
19/10/2017;10500;;;;;;;;;;;
20/10/2017;10425;;;;;;;;;;;
23/10/2017;10550;;;;;;;;;;;
24/10/2017;10725;;;;;;;;;;;
25/10/2017;10875;;;;;;;;;;;
26/10/2017;11025;;;;;;;;;;;
27/10/2017;10775;;;;;;;;;;;
30/10/2017;10775;;;;;;;;;;;
31/10/2017;10900;;;;;;;;;;;
01/11/2017;10500;;;;;;;;;;;
02/11/2017;10425;;;;;;;;;;;
03/11/2017;10375;;;;;;;;;;;
06/11/2017;10300;;;;;;;;;;;
07/11/2017;10325;;;;;;;;;;;
08/11/2017;10500;;;;;;;;;;;
09/11/2017;10100;;;;;;;;;;;
10/11/2017;10000;;;;;;;;;;;
13/11/2017;10000;;;;;;;;;;;
14/11/2017;9900;;;;;;;;;;;
15/11/2017;9850;;;;;;;;;;;
16/11/2017;9950;;;;;;;;;;;
17/11/2017;9900;;;;;;;;;;;
20/11/2017;9975;;;;;;;;;;;
21/11/2017;9975;;;;;;;;;;;
22/11/2017;9900;;;;;;;;;;;
23/11/2017;10050;;;;;;;;;;;
24/11/2017;10150;;;;;;;;;;;
27/11/2017;10025;;;;;;;;;;;
28/11/2017;10000;;;;;;;;;;;
29/11/2017;9900;;;;;;;;;;;
30/11/2017;9400;;;;;;;;;;;
01/12/2017;9400;;;;;;;;;;;
04/12/2017;9600;;;;;;;;;;;
05/12/2017;9350;;;;;;;;;;;
06/12/2017;9375;;;;;;;;;;;
07/12/2017;9250;;;;;;;;;;;
08/12/2017;9150;;;;;;;;;;;
11/12/2017;9375;;;;;;;;;;;
12/12/2017;9600;;;;;;;;;;;
13/12/2017;9725;;;;;;;;;;;
14/12/2017;9950;;;;;;;;;;;
15/12/2017;9850;;;;;;;;;;;
18/12/2017;9700;;;;;;;;;;;
19/12/2017;9850;;;;;;;;;;;
20/12/2017;9550;;;;;;;;;;;
21/12/2017;9800;;;;;;;;;;;
22/12/2017;9825;;;;;;;;;;;
25/12/2017;9825;;;;;;;;;;;
26/12/2017;9825;;;;;;;;;;;
27/12/2017;10000;;;;;;;;;;;
28/12/2017;10200;;;;;;;;;;;
29/12/2017;9900;;;;;;;;;;;
01/01/2018;9900;;;;;;;;;;;
02/01/2018;10275;;;;;;;;;;;
03/01/2018;10200;;;;;;;;;;;
04/01/2018;11000;;;;;;;;;;;
05/01/2018;10900;;;;;;;;;;;
08/01/2018;11000;;;;;;;;;;;
09/01/2018;11200;;;;;;;;;;;
10/01/2018;10825;;;;;;;;;;;
11/01/2018;10850;;;;;;;;;;;
12/01/2018;10575;;;;;;;;;;;
15/01/2018;10525;;;;;;;;;;;
16/01/2018;10625;;;;;;;;;;;
17/01/2018;11400;;;;;;;;;;;
18/01/2018;11075;;;;;;;;;;;
19/01/2018;10950;;;;;;;;;;;
22/01/2018;10750;;;;;;;;;;;
23/01/2018;10650;;;;;;;;;;;
24/01/2018;10725;;;;;;;;;;;
25/01/2018;11100;;;;;;;;;;;
26/01/2018;11600;;;;;;;;;;;
29/01/2018;11200;;;;;;;;;;;
30/01/2018;10900;;;;;;;;;;;
31/01/2018;11150;;;;;;;;;;;
01/02/2018;10700;;;;;;;;;;;
02/02/2018;10700;;;;;;;;;;;
05/02/2018;10550;;;;;;;;;;;
06/02/2018;10175;;;;;;;;;;;
07/02/2018;10175;;;;;;;;;;;
08/02/2018;10300;;;;;;;;;;;
09/02/2018;10200;;;;;;;;;;;
12/02/2018;10275;;;;;;;;;;;
13/02/2018;10525;;;;;;;;;;;
14/02/2018;10850;;;;;;;;;;;
15/02/2018;11050;;;;;;;;;;;
16/02/2018;11050;;;;;;;;;;;
19/02/2018;11700;;;;;;;;;;;
20/02/2018;11300;;;;;;;;;;;
21/02/2018;11575;;;;;;;;;;;
22/02/2018;11750;;;;;;;;;;;
23/02/2018;11225;;;;;;;;;;;
26/02/2018;11100;;;;;;;;;;;
27/02/2018;11325;;;;;;;;;;;
28/02/2018;11125;;;;;;;;;;;
01/03/2018;11050;;;;;;;;;;;
02/03/2018;10975;;;;;;;;;;;
05/03/2018;10850;;;;;;;;;;;
06/03/2018;10700;;;;;;;;;;;
07/03/2018;10475;;;;;;;;;;;
08/03/2018;10725;;;;;;;;;;;
09/03/2018;10550;;;;;;;;;;;
12/03/2018;10700;;;;;;;;;;;
13/03/2018;10525;;;;;;;;;;;
14/03/2018;10475;;;;;;;;;;;
15/03/2018;10500;;;;;;;;;;;
16/03/2018;10525;;;;;;;;;;;
19/03/2018;10475;;;;;;;;;;;
20/03/2018;10450;;;;;;;;;;;
21/03/2018;10250;;;;;;;;;;;
22/03/2018;10025;;;;;;;;;;;
23/03/2018;9650;;;;;;;;;;;
26/03/2018;9850;;;;;;;;;;;
27/03/2018;9900;;;;;;;;;;;
28/03/2018;9875;;;;;;;;;;;
29/03/2018;10350;;;;;;;;;;;
30/03/2018;10350;;;;;;;;;;;
02/04/2018;10625;;;;;;;;;;;
03/04/2018;10900;;;;;;;;;;;
04/04/2018;10650;;;;;;;;;;;
05/04/2018;11000;;;;;;;;;;;
06/04/2018;10550;;;;;;;;;;;
09/04/2018;10325;;;;;;;;;;;
10/04/2018;10250;;;;;;;;;;;
11/04/2018;10250;;;;;;;;;;;
12/04/2018;10200;;;;;;;;;;;
13/04/2018;10125;;;;;;;;;;;
16/04/2018;10125;;;;;;;;;;;
17/04/2018;10125;;;;;;;;;;;
18/04/2018;9925;;;;;;;;;;;
19/04/2018;9925;;;;;;;;;;;
20/04/2018;9925;;;;;;;;;;;
23/04/2018;10100;;;;;;;;;;;
24/04/2018;9900;;;;;;;;;;;
25/04/2018;9900;;;;;;;;;;;
26/04/2018;9900;;;;;;;;;;;
27/04/2018;9900;;;;;;;;;;;
30/04/2018;9650;;;;;;;;;;;
01/05/2018;9650;;;;;;;;;;;
02/05/2018;9275;;;;;;;;;;;
03/05/2018;9000;;;;;;;;;;;
04/05/2018;9000;;;;;;;;;;;
07/05/2018;9125;;;;;;;;;;;
08/05/2018;8975;;;;;;;;;;;
09/05/2018;8950;;;;;;;;;;;
10/05/2018;8950;;;;;;;;;;;
11/05/2018;9200;;;;;;;;;;;
14/05/2018;9000;;;;;;;;;;;
15/05/2018;8900;;;;;;;;;;;
16/05/2018;8700;;;;;;;;;;;
17/05/2018;8700;;;;;;;;;;;
18/05/2018;8700;;;;;;;;;;;
21/05/2018;8350;;;;;;;;;;;
22/05/2018;8375;;;;;;;;;;;
23/05/2018;8300;;;;;;;;;;;
24/05/2018;8525;;;;;;;;;;;
25/05/2018;8775;;;;;;;;;;;
28/05/2018;8750;;;;;;;;;;;
29/05/2018;8750;;;;;;;;;;;
30/05/2018;8400;;;;;;;;;;;
31/05/2018;8400;;;;;;;;;;;
01/06/2018;8400;;;;;;;;;;;
04/06/2018;8675;;;;;;;;;;;
05/06/2018;8800;;;;;;;;;;;
06/06/2018;8700;;;;;;;;;;;
07/06/2018;8725;;;;;;;;;;;
08/06/2018;8275;;;;;;;;;;;
11/06/2018;8275;;;;;;;;;;;
12/06/2018;8275;;;;;;;;;;;
13/06/2018;8275;;;;;;;;;;;
14/06/2018;8275;;;;;;;;;;;
15/06/2018;8275;;;;;;;;;;;
18/06/2018;8275;;;;;;;;;;;
19/06/2018;8275;;;;;;;;;;;
20/06/2018;8175;;;;;;;;;;;
21/06/2018;7775;;;;;;;;;;;
22/06/2018;7625;;;;;;;;;;;
25/06/2018;7650;;;;;;;;;;;
26/06/2018;7600;;;;;;;;;;;
27/06/2018;7650;;;;;;;;;;;
28/06/2018;7075;;;;;;;;;;;
29/06/2018;7125;;;;;;;;;;;
02/07/2018;6950;;;;;;;;;;;
03/07/2018;6725;;;;;;;;;;;
04/07/2018;6925;;;;;;;;;;;
05/07/2018;6850;;;;;;;;;;;
06/07/2018;6950;;;;;;;;;;;
09/07/2018;7050;;;;;;;;;;;
10/07/2018;7575;;;;;;;;;;;
11/07/2018;7575;;;;;;;;;;;
12/07/2018;7425;;;;;;;;;;;
13/07/2018;7250;;;;;;;;;;;
16/07/2018;7050;;;;;;;;;;;
17/07/2018;7100;;;;;;;;;;;
18/07/2018;7075;;;;;;;;;;;
19/07/2018;6925;;;;;;;;;;;
20/07/2018;7225;;;;;;;;;;;
23/07/2018;7400;;;;;;;;;;;
24/07/2018;7625;;;;;;;;;;;
25/07/2018;7675;;;;;;;;;;;
26/07/2018;7625;;;;;;;;;;;
27/07/2018;7725;;;;;;;;;;;
30/07/2018;7850;;;;;;;;;;;
31/07/2018;7600;;;;;;;;;;;
01/08/2018;8625;;;;;;;;;;;
02/08/2018;8575;;;;;;;;;;;
03/08/2018;8925;;;;;;;;;;;
06/08/2018;9000;;;;;;;;;;;
07/08/2018;8950;;;;;;;;;;;
08/08/2018;8600;;;;;;;;;;;
09/08/2018;8325;;;;;;;;;;;
10/08/2018;8400;;;;;;;;;;;
13/08/2018;8100;;;;;;;;;;;
14/08/2018;7600;;;;;;;;;;;
15/08/2018;8000;;;;;;;;;;;
16/08/2018;8150;;;;;;;;;;;
17/08/2018;8150;;;;;;;;;;;
20/08/2018;8450;;;;;;;;;;;
21/08/2018;8625;;;;;;;;;;;
22/08/2018;8625;;;;;;;;;;;
23/08/2018;9075;;;;;;;;;;;
24/08/2018;8750;;;;;;;;;;;
27/08/2018;9400;;;;;;;;;;;
28/08/2018;9200;;;;;;;;;;;
29/08/2018;9200;;;;;;;;;;;
30/08/2018;9250;;;;;;;;;;;
31/08/2018;9450;;;;;;;;;;;
03/09/2018;9275;;;;;;;;;;;
04/09/2018;9275;;;;;;;;;;;
05/09/2018;8850;;;;;;;;;;;
06/09/2018;8875;;;;;;;;;;;
07/09/2018;8975;;;;;;;;;;;
10/09/2018;8775;;;;;;;;;;;
11/09/2018;8775;;;;;;;;;;;
12/09/2018;8700;;;;;;;;;;;
13/09/2018;9000;;;;;;;;;;;
14/09/2018;9000;;;;;;;;;;;
17/09/2018;8800;;;;;;;;;;;
18/09/2018;8525;;;;;;;;;;;
19/09/2018;9000;;;;;;;;;;;
20/09/2018;9075;;;;;;;;;;;
21/09/2018;9300;;;;;;;;;;;
24/09/2018;9125;;;;;;;;;;;
25/09/2018;9025;;;;;;;;;;;
26/09/2018;9150;;;;;;;;;;;
27/09/2018;9425;;;;;;;;;;;
28/09/2018;9925;;;;;;;;;;;
01/10/2018;9600;;;;;;;;;;;
02/10/2018;9025;;;;;;;;;;;
03/10/2018;9150;;;;;;;;;;;
04/10/2018;8850;;;;;;;;;;;
05/10/2018;8925;;;;;;;;;;;
08/10/2018;9300;;;;;;;;;;;
09/10/2018;9300;;;;;;;;;;;
10/10/2018;9125;;;;;;;;;;;
11/10/2018;8900;;;;;;;;;;;
12/10/2018;8900;;;;;;;;;;;
15/10/2018;8825;;;;;;;;;;;
16/10/2018;8975;;;;;;;;;;;
17/10/2018;9000;;;;;;;;;;;
18/10/2018;9000;;;;;;;;;;;
19/10/2018;8925;;;;;;;;;;;
22/10/2018;9000;;;;;;;;;;;
23/10/2018;9100;;;;;;;;;;;
24/10/2018;9100;;;;;;;;;;;
25/10/2018;8950;;;;;;;;;;;
26/10/2018;8925;;;;;;;;;;;
29/10/2018;8600;;;;;;;;;;;
30/10/2018;8650;;;;;;;;;;;
31/10/2018;9000;;;;;;;;;;;
01/11/2018;9250;;;;;;;;;;;
02/11/2018;9725;;;;;;;;;;;
05/11/2018;9700;;;;;;;;;;;
06/11/2018;9750;;;;;;;;;;;
07/11/2018;9725;;;;;;;;;;;
08/11/2018;9825;;;;;;;;;;;
09/11/2018;9725;;;;;;;;;;;
12/11/2018;9150;;;;;;;;;;;
13/11/2018;9150;;;;;;;;;;;
14/11/2018;10000;;;;;;;;;;;
15/11/2018;10300;;;;;;;;;;;
16/11/2018;11000;;;;;;;;;;;
19/11/2018;11100;;;;;;;;;;;
20/11/2018;11100;;;;;;;;;;;
21/11/2018;11150;;;;;;;;;;;
22/11/2018;11875;;;;;;;;;;;
23/11/2018;11525;;;;;;;;;;;
26/11/2018;11650;;;;;;;;;;;
27/11/2018;11250;;;;;;;;;;;
28/11/2018;11175;;;;;;;;;;;
29/11/2018;12000;;;;;;;;;;;
30/11/2018;12025;;;;;;;;;;;
03/12/2018;11600;;;;;;;;;;;
04/12/2018;11775;;;;;;;;;;;
05/12/2018;11775;;;;;;;;;;;
06/12/2018;11875;;;;;;;;;;;
07/12/2018;11875;;;;;;;;;;;
10/12/2018;11950;;;;;;;;;;;
11/12/2018;11600;;;;;;;;;;;
12/12/2018;11600;;;;;;;;;;;
13/12/2018;11600;;;;;;;;;;;
14/12/2018;11425;;;;;;;;;;;
17/12/2018;11400;;;;;;;;;;;
18/12/2018;11375;;;;;;;;;;;
19/12/2018;11500;;;;;;;;;;;
20/12/2018;11475;;;;;;;;;;;
21/12/2018;11500;;;;;;;;;;;
24/12/2018;11500;;;;;;;;;;;
25/12/2018;11500;;;;;;;;;;;
26/12/2018;11550;;;;;;;;;;;
27/12/2018;11675;;;;;;;;;;;
28/12/2018;11500;;;;;;;;;;;
31/12/2018;11500;;;;;;;;;;;
01/01/2019;11500;;;;;;;;;;;
02/01/2019;11475;;;;;;;;;;;
03/01/2019;11525;;;;;;;;;;;
04/01/2019;11500;;;;;;;;;;;
07/01/2019;11400;;;;;;;;;;;
08/01/2019;11300;;;;;;;;;;;
09/01/2019;11200;;;;;;;;;;;
10/01/2019;11925;;;;;;;;;;;
11/01/2019;11575;;;;;;;;;;;
14/01/2019;11575;;;;;;;;;;;
15/01/2019;11800;;;;;;;;;;;
16/01/2019;11925;;;;;;;;;;;
17/01/2019;12425;;;;;;;;;;;
18/01/2019;12700;;;;;;;;;;;
21/01/2019;12975;;;;;;;;;;;
22/01/2019;13075;;;;;;;;;;;
23/01/2019;12975;;;;;;;;;;;
24/01/2019;13200;;;;;;;;;;;
25/01/2019;13200;;;;;;;;;;;
28/01/2019;13075;;;;;;;;;;;
29/01/2019;12875;;;;;;;;;;;
30/01/2019;12550;;;;;;;;;;;
31/01/2019;12675;;;;;;;;;;;
01/02/2019;12725;;;;;;;;;;;
04/02/2019;12250;;;;;;;;;;;
05/02/2019;12250;;;;;;;;;;;
06/02/2019;12900;;;;;;;;;;;
07/02/2019;12800;;;;;;;;;;;
08/02/2019;12500;;;;;;;;;;;
11/02/2019;12475;;;;;;;;;;;
12/02/2019;12300;;;;;;;;;;;
13/02/2019;12675;;;;;;;;;;;
14/02/2019;12400;;;;;;;;;;;
15/02/2019;12025;;;;;;;;;;;
18/02/2019;12500;;;;;;;;;;;
19/02/2019;12475;;;;;;;;;;;
20/02/2019;12900;;;;;;;;;;;
21/02/2019;12925;;;;;;;;;;;
22/02/2019;12575;;;;;;;;;;;
25/02/2019;12950;;;;;;;;;;;
26/02/2019;12925;;;;;;;;;;;
27/02/2019;12600;;;;;;;;;;;
28/02/2019;12650;;;;;;;;;;;
01/03/2019;12875;;;;;;;;;;;
04/03/2019;12900;;;;;;;;;;;
05/03/2019;12850;;;;;;;;;;;
06/03/2019;12700;;;;;;;;;;;
07/03/2019;12700;;;;;;;;;;;
08/03/2019;12475;;;;;;;;;;;
11/03/2019;12650;;;;;;;;;;;
12/03/2019;12600;;;;;;;;;;;
13/03/2019;12725;;;;;;;;;;;
14/03/2019;12875;;;;;;;;;;;
15/03/2019;12925;;;;;;;;;;;
18/03/2019;13250;;;;;;;;;;;
19/03/2019;13225;;;;;;;;;;;
20/03/2019;12800;;;;;;;;;;;
21/03/2019;13575;;;;;;;;;;;
22/03/2019;13650;;;;;;;;;;;
25/03/2019;13400;;;;;;;;;;;
26/03/2019;13875;;;;;;;;;;;
27/03/2019;13875;;;;;;;;;;;
28/03/2019;13750;;;;;;;;;;;
29/03/2019;13875;;;;;;;;;;;
01/04/2019;13950;;;;;;;;;;;
02/04/2019;13725;;;;;;;;;;;
03/04/2019;13725;;;;;;;;;;;
04/04/2019;14450;;;;;;;;;;;
05/04/2019;13575;;;;;;;;;;;
08/04/2019;13450;;;;;;;;;;;
09/04/2019;14075;;;;;;;;;;;
10/04/2019;14250;;;;;;;;;;;
11/04/2019;13825;;;;;;;;;;;
12/04/2019;13050;;;;;;;;;;;
15/04/2019;12825;;;;;;;;;;;
16/04/2019;13325;;;;;;;;;;;
17/04/2019;13325;;;;;;;;;;;
18/04/2019;13725;;;;;;;;;;;
19/04/2019;13725;;;;;;;;;;;
22/04/2019;13175;;;;;;;;;;;
23/04/2019;13725;;;;;;;;;;;
24/04/2019;13450;;;;;;;;;;;
25/04/2019;13350;;;;;;;;;;;
26/04/2019;13700;;;;;;;;;;;
29/04/2019;13525;;;;;;;;;;;
30/04/2019;13500;;;;;;;;;;;
01/05/2019;13500;;;;;;;;;;;
02/05/2019;12900;;;;;;;;;;;
03/05/2019;12250;;;;;;;;;;;
06/05/2019;11150;;;;;;;;;;;
07/05/2019;11900;;;;;;;;;;;
08/05/2019;11325;;;;;;;;;;;
09/05/2019;10900;;;;;;;;;;;
10/05/2019;11150;;;;;;;;;;;
13/05/2019;10475;;;;;;;;;;;
14/05/2019;10675;;;;;;;;;;;
15/05/2019;10550;;;;;;;;;;;
16/05/2019;10700;;;;;;;;;;;
17/05/2019;10550;;;;;;;;;;;
20/05/2019;11250;;;;;;;;;;;
21/05/2019;10825;;;;;;;;;;;
22/05/2019;10825;;;;;;;;;;;
23/05/2019;10900;;;;;;;;;;;
24/05/2019;10800;;;;;;;;;;;
27/05/2019;11375;;;;;;;;;;;
28/05/2019;11050;;;;;;;;;;;
29/05/2019;11200;;;;;;;;;;;
30/05/2019;11200;;;;;;;;;;;
31/05/2019;11550;;;;;;;;;;;
03/06/2019;11550;;;;;;;;;;;
04/06/2019;11550;;;;;;;;;;;
05/06/2019;11550;;;;;;;;;;;
06/06/2019;11550;;;;;;;;;;;
07/06/2019;11550;;;;;;;;;;;
10/06/2019;12175;;;;;;;;;;;
11/06/2019;11975;;;;;;;;;;;
12/06/2019;11600;;;;;;;;;;;
13/06/2019;11475;;;;;;;;;;;
14/06/2019;11450;;;;;;;;;;;
17/06/2019;11600;;;;;;;;;;;
18/06/2019;11450;;;;;;;;;;;
19/06/2019;11600;;;;;;;;;;;
20/06/2019;11425;;;;;;;;;;;
21/06/2019;11375;;;;;;;;;;;
24/06/2019;11300;;;;;;;;;;;
25/06/2019;11450;;;;;;;;;;;
26/06/2019;11450;;;;;;;;;;;
27/06/2019;11625;;;;;;;;;;;
28/06/2019;11575;;;;;;;;;;;
01/07/2019;12475;;;;;;;;;;;
02/07/2019;12700;;;;;;;;;;;
03/07/2019;12700;;;;;;;;;;;
04/07/2019;12575;;;;;;;;;;;
05/07/2019;12600;;;;;;;;;;;
08/07/2019;12225;;;;;;;;;;;
09/07/2019;12425;;;;;;;;;;;
10/07/2019;12550;;;;;;;;;;;
11/07/2019;12425;;;;;;;;;;;
12/07/2019;12400;;;;;;;;;;;
15/07/2019;12500;;;;;;;;;;;
16/07/2019;12350;;;;;;;;;;;
17/07/2019;12500;;;;;;;;;;;
18/07/2019;12550;;;;;;;;;;;
19/07/2019;12575;;;;;;;;;;;
22/07/2019;12450;;;;;;;;;;;
23/07/2019;12525;;;;;;;;;;;
24/07/2019;12600;;;;;;;;;;;
25/07/2019;12475;;;;;;;;;;;
26/07/2019;12400;;;;;;;;;;;
29/07/2019;12550;;;;;;;;;;;
30/07/2019;12650;;;;;;;;;;;
31/07/2019;12875;;;;;;;;;;;
01/08/2019;13050;;;;;;;;;;;
02/08/2019;12950;;;;;;;;;;;
05/08/2019;12400;;;;;;;;;;;
06/08/2019;12575;;;;;;;;;;;
07/08/2019;12725;;;;;;;;;;;
08/08/2019;12900;;;;;;;;;;;
09/08/2019;12800;;;;;;;;;;;
12/08/2019;12800;;;;;;;;;;;
13/08/2019;12400;;;;;;;;;;;
14/08/2019;12850;;;;;;;;;;;
15/08/2019;12950;;;;;;;;;;;
16/08/2019;12900;;;;;;;;;;;
20/08/2019;13225;;;;;;;;;;;
21/08/2019;12975;;;;;;;;;;;
22/08/2019;13025;;;;;;;;;;;
23/08/2019;13075;;;;;;;;;;;
26/08/2019;12875;;;;;;;;;;;
27/08/2019;12900;;;;;;;;;;;
28/08/2019;12950;;;;;;;;;;;
29/08/2019;13100;;;;;;;;;;;
30/08/2019;13250;;;;;;;;;;;
02/09/2019;13275;;;;;;;;;;;
03/09/2019;13300;;;;;;;;;;;
04/09/2019;13350;;;;;;;;;;;
05/09/2019;13425;;;;;;;;;;;
06/09/2019;13450;;;;;;;;;;;
09/09/2019;13425;;;;;;;;;;;
10/09/2019;12850;;;;;;;;;;;
11/09/2019;12175;;;;;;;;;;;
12/09/2019;12475;;;;;;;;;;;
13/09/2019;12800;;;;;;;;;;;
16/09/2019;12900;;;;;;;;;;;
17/09/2019;12725;;;;;;;;;;;
18/09/2019;12825;;;;;;;;;;;
19/09/2019;12450;;;;;;;;;;;
20/09/2019;12850;;;;;;;;;;;
23/09/2019;12500;;;;;;;;;;;
24/09/2019;12275;;;;;;;;;;;
25/09/2019;12225;;;;;;;;;;;
26/09/2019;12250;;;;;;;;;;;
27/09/2019;11850;;;;;;;;;;;
30/09/2019;11550;;;;;;;;;;;
01/10/2019;11200;;;;;;;;;;;
02/10/2019;10950;;;;;;;;;;;
03/10/2019;10825;;;;;;;;;;;
04/10/2019;11525;;;;;;;;;;;
07/10/2019;11300;;;;;;;;;;;
08/10/2019;11450;;;;;;;;;;;
09/10/2019;11350;;;;;;;;;;;
10/10/2019;11550;;;;;;;;;;;
11/10/2019;11825;;;;;;;;;;;
14/10/2019;12100;;;;;;;;;;;
15/10/2019;12350;;;;;;;;;;;
16/10/2019;12600;;;;;;;;;;;
17/10/2019;12700;;;;;;;;;;;
18/10/2019;12500;;;;;;;;;;;
21/10/2019;12625;;;;;;;;;;;
22/10/2019;12575;;;;;;;;;;;
23/10/2019;12675;;;;;;;;;;;
24/10/2019;12700;;;;;;;;;;;
25/10/2019;12525;;;;;;;;;;;
28/10/2019;12950;;;;;;;;;;;
29/10/2019;13000;;;;;;;;;;;
30/10/2019;13325;;;;;;;;;;;
31/10/2019;12650;;;;;;;;;;;
01/11/2019;12800;;;;;;;;;;;
04/11/2019;12700;;;;;;;;;;;
05/11/2019;12475;;;;;;;;;;;
06/11/2019;12650;;;;;;;;;;;
07/11/2019;12800;;;;;;;;;;;
08/11/2019;12825;;;;;;;;;;;
11/11/2019;12700;;;;;;;;;;;
12/11/2019;12650;;;;;;;;;;;
13/11/2019;12525;;;;;;;;;;;
14/11/2019;12600;;;;;;;;;;;
15/11/2019;12750;;;;;;;;;;;
19/11/2019;12425;;;;;;;;;;;
20/11/2019;12400;;;;;;;;;;;
21/11/2019;12450;;;;;;;;;;;
22/11/2019;12250;;;;;;;;;;;
25/11/2019;12100;;;;;;;;;;;
26/11/2019;12000;;;;;;;;;;;
27/11/2019;11975;;;;;;;;;;;
28/11/2019;11600;;;;;;;;;;;
29/11/2019;11450;;;;;;;;;;;
02/12/2019;11550;;;;;;;;;;;
03/12/2019;11725;;;;;;;;;;;
04/12/2019;11725;;;;;;;;;;;
05/12/2019;12425;;;;;;;;;;;
06/12/2019;12425;;;;;;;;;;;
09/12/2019;12450;;;;;;;;;;;
10/12/2019;12325;;;;;;;;;;;
11/12/2019;11925;;;;;;;;;;;
12/12/2019;12000;;;;;;;;;;;
13/12/2019;12300;;;;;;;;;;;
16/12/2019;12250;;;;;;;;;;;
17/12/2019;12275;;;;;;;;;;;
18/12/2019;12500;;;;;;;;;;;
19/12/2019;12575;;;;;;;;;;;
20/12/2019;12375;;;;;;;;;;;
23/12/2019;12250;;;;;;;;;;;
26/12/2019;12325;;;;;;;;;;;
27/12/2019;12225;;;;;;;;;;;
30/12/2019;12000;;;;;;;;;;;
02/01/2020;12200;;;;;;;;;;;
03/01/2020;12325;;;;;;;;;;;
06/01/2020;12275;;;;;;;;;;;
07/01/2020;12300;;;;;;;;;;;
08/01/2020;12000;;;;;;;;;;;
