0,1,2,3
0.08561255037865252,0.8500315173380604,2.5664610107872523,-0.482840053104736
1.384802495825629,0.8573573953934324,1.3438494805664127,-0.06756585724101077
-1.4354902400852145,-0.2503301608176746,0.1251616172693299,-0.3052677163466332
-0.9069902295087507,-0.33324042152124195,3.9300654474671277,-0.45406663101145406
,subject_index,Date,Close
0,0,2015-12-02,359.187012
1,0,2015-12-03,361.04599
2,0,2015-12-04,363.183014
3,0,2015-12-05,388.949005
4,0,2015-12-06,388.78299
5,0,2015-12-07,395.536011
6,0,2015-12-08,415.562988
7,0,2015-12-09,417.562988
8,0,2015-12-10,415.479004
9,0,2015-12-11,451.937988
10,0,2015-12-12,434.997009
11,0,2015-12-13,433.755005
12,0,2015-12-14,444.182007
13,0,2015-12-15,465.321014
14,0,2015-12-16,454.93399
15,0,2015-12-17,456.078003
16,0,2015-12-18,463.615997
17,0,2015-12-19,462.321991
18,0,2015-12-20,442.684998
19,0,2015-12-21,438.639008
20,0,2015-12-22,436.571991
21,0,2015-12-23,442.401001
22,0,2015-12-24,454.984985
23,0,2015-12-25,455.653015
24,0,2015-12-26,417.273987
25,0,2015-12-27,422.822998
26,0,2015-12-28,422.278992
27,0,2015-12-29,432.983002
28,0,2015-12-30,426.619995
29,0,2015-12-31,430.566986
30,0,2016-01-01,434.334015
31,0,2016-01-02,433.437988
32,0,2016-01-03,430.010986
33,0,2016-01-04,433.091003
34,0,2016-01-05,431.959991
35,0,2016-01-06,429.105011
36,0,2016-01-07,458.048004
37,0,2016-01-08,453.230011
38,0,2016-01-09,447.610992
39,0,2016-01-10,447.990997
40,0,2016-01-11,448.428009
41,0,2016-01-12,435.690002
42,0,2016-01-13,432.371002
43,0,2016-01-14,430.306
44,0,2016-01-15,364.330994
45,0,2016-01-16,387.536011
46,0,2016-01-17,382.299011
47,0,2016-01-18,387.167999
48,0,2016-01-19,380.148987
49,0,2016-01-20,420.230011
50,0,2016-01-21,410.261993
51,0,2016-01-22,382.492004
52,0,2016-01-23,387.490997
53,0,2016-01-24,402.971008
54,0,2016-01-25,391.726013
55,0,2016-01-26,392.153015
56,0,2016-01-27,394.971985
57,0,2016-01-28,380.289001
58,0,2016-01-29,379.473999
59,0,2016-01-30,378.255005
60,0,2016-01-31,368.766998
61,0,2016-02-01,373.056
62,0,2016-02-02,374.447998
63,0,2016-02-03,369.949005
64,0,2016-02-04,389.593994
65,0,2016-02-05,386.549011
66,0,2016-02-06,376.522003
67,0,2016-02-07,376.619995
68,0,2016-02-08,373.446991
69,0,2016-02-09,376.028992
70,0,2016-02-10,381.648987
71,0,2016-02-11,379.653992
72,0,2016-02-12,384.263
73,0,2016-02-13,391.859985
74,0,2016-02-14,407.230011
75,0,2016-02-15,400.184998
76,0,2016-02-16,407.488007
77,0,2016-02-17,416.321991
78,0,2016-02-18,422.372986
79,0,2016-02-19,420.785004
80,0,2016-02-20,437.164001
81,0,2016-02-21,438.798004
82,0,2016-02-22,437.747986
83,0,2016-02-23,420.735992
84,0,2016-02-24,424.954987
85,0,2016-02-25,424.544006
86,0,2016-02-26,432.152008
87,0,2016-02-27,432.519012
88,0,2016-02-28,433.503998
89,0,2016-02-29,437.696991
90,0,2016-03-01,435.122986
91,0,2016-03-02,423.989014
92,0,2016-03-03,421.651001
93,0,2016-03-04,410.938995
94,0,2016-03-05,400.570007
95,0,2016-03-06,407.707001
96,0,2016-03-07,414.321014
97,0,2016-03-08,413.971985
98,0,2016-03-09,414.859985
99,0,2016-03-10,417.131012
100,0,2016-03-11,421.690002
101,0,2016-03-12,411.623993
102,0,2016-03-13,414.065002
103,0,2016-03-14,416.437988
104,0,2016-03-15,416.829987
105,0,2016-03-16,417.010986
106,0,2016-03-17,420.621002
107,0,2016-03-18,409.548004
108,0,2016-03-19,410.444
109,0,2016-03-20,413.755005
110,0,2016-03-21,413.307007
111,0,2016-03-22,418.088989
112,0,2016-03-23,418.040985
113,0,2016-03-24,416.394012
114,0,2016-03-25,417.177002
115,0,2016-03-26,417.945007
116,0,2016-03-27,426.765015
117,0,2016-03-28,424.230988
118,0,2016-03-29,416.515991
119,0,2016-03-30,414.81601
120,0,2016-03-31,416.729004
121,0,2016-04-01,417.959991
122,0,2016-04-02,420.872986
123,0,2016-04-03,420.903992
124,0,2016-04-04,421.444
125,0,2016-04-05,424.029999
126,0,2016-04-06,423.412994
127,0,2016-04-07,422.744995
128,0,2016-04-08,420.348999
129,0,2016-04-09,419.411011
130,0,2016-04-10,421.563995
131,0,2016-04-11,422.483002
132,0,2016-04-12,425.190002
133,0,2016-04-13,423.734009
134,0,2016-04-14,424.282013
135,0,2016-04-15,429.713013
136,0,2016-04-16,430.571991
137,0,2016-04-17,427.398987
138,0,2016-04-18,428.591003
139,0,2016-04-19,435.509003
140,0,2016-04-20,441.389008
141,0,2016-04-21,449.424988
142,0,2016-04-22,445.737
143,0,2016-04-23,450.282013
144,0,2016-04-24,458.554993
145,0,2016-04-25,461.425995
146,0,2016-04-26,466.088989
147,0,2016-04-27,444.687012
148,0,2016-04-28,449.010986
149,0,2016-04-29,455.096985
150,0,2016-04-30,448.317993
151,0,2016-05-01,451.875
152,0,2016-05-02,444.669006
153,0,2016-05-03,450.303986
154,0,2016-05-04,446.721985
155,0,2016-05-05,447.976013
156,0,2016-05-06,459.602997
157,0,2016-05-07,458.536011
158,0,2016-05-08,458.548004
159,0,2016-05-09,460.483002
160,0,2016-05-10,450.894989
161,0,2016-05-11,452.727997
162,0,2016-05-12,454.765991
163,0,2016-05-13,455.670013
164,0,2016-05-14,455.67099
165,0,2016-05-15,457.567993
166,0,2016-05-16,454.162994
167,0,2016-05-17,453.78299
168,0,2016-05-18,454.618988
169,0,2016-05-19,438.714996
170,0,2016-05-20,442.675995
171,0,2016-05-21,443.187988
172,0,2016-05-22,439.322998
173,0,2016-05-23,444.154999
174,0,2016-05-24,445.980988
175,0,2016-05-25,449.598999
176,0,2016-05-26,453.384003
177,0,2016-05-27,473.463989
178,0,2016-05-28,530.039978
179,0,2016-05-29,526.232971
180,0,2016-05-30,533.864014
181,0,2016-05-31,531.385986
182,0,2016-06-01,536.919983
183,0,2016-06-02,537.971985
184,0,2016-06-03,569.19397
185,0,2016-06-04,572.72699
186,0,2016-06-05,574.97699
187,0,2016-06-06,585.536987
188,0,2016-06-07,576.596985
189,0,2016-06-08,581.64502
190,0,2016-06-09,574.630005
191,0,2016-06-10,577.469971
192,0,2016-06-11,606.72699
193,0,2016-06-12,672.783997
194,0,2016-06-13,704.375977
195,0,2016-06-14,685.559021
196,0,2016-06-15,694.468994
197,0,2016-06-16,766.307983
198,0,2016-06-17,748.908997
199,0,2016-06-18,756.22699
200,0,2016-06-19,763.781006
201,0,2016-06-20,737.226013
202,0,2016-06-21,666.651978
203,0,2016-06-22,596.116028
204,0,2016-06-23,623.97699
205,0,2016-06-24,665.299011
206,0,2016-06-25,665.122986
207,0,2016-06-26,629.367004
208,0,2016-06-27,655.275024
209,0,2016-06-28,647.000977
210,0,2016-06-29,639.890015
211,0,2016-06-30,673.336975
212,0,2016-07-01,676.296021
213,0,2016-07-02,703.702026
214,0,2016-07-03,658.664001
215,0,2016-07-04,683.661987
216,0,2016-07-05,670.627014
217,0,2016-07-06,677.330994
218,0,2016-07-07,640.562012
219,0,2016-07-08,666.52301
220,0,2016-07-09,650.960022
221,0,2016-07-10,649.359985
222,0,2016-07-11,647.658997
223,0,2016-07-12,664.551025
224,0,2016-07-13,654.468018
225,0,2016-07-14,658.078003
226,0,2016-07-15,663.255005
227,0,2016-07-16,660.767029
228,0,2016-07-17,679.458984
229,0,2016-07-18,673.106018
230,0,2016-07-19,672.864014
231,0,2016-07-20,665.684998
232,0,2016-07-21,665.012024
233,0,2016-07-22,650.619019
234,0,2016-07-23,655.55603
235,0,2016-07-24,661.284973
236,0,2016-07-25,654.096985
237,0,2016-07-26,651.783997
238,0,2016-07-27,654.35199
239,0,2016-07-28,655.034973
240,0,2016-07-29,656.992004
241,0,2016-07-30,655.046997
242,0,2016-07-31,624.68103
243,0,2016-08-01,606.271973
244,0,2016-08-02,547.465027
245,0,2016-08-03,566.35498
246,0,2016-08-04,578.289001
247,0,2016-08-05,575.04303
248,0,2016-08-06,587.778015
249,0,2016-08-07,592.690002
250,0,2016-08-08,591.054016
251,0,2016-08-09,587.801025
252,0,2016-08-10,592.103027
253,0,2016-08-11,589.119995
254,0,2016-08-12,587.559021
255,0,2016-08-13,585.588013
256,0,2016-08-14,570.473022
257,0,2016-08-15,567.23999
258,0,2016-08-16,577.439026
259,0,2016-08-17,573.216003
260,0,2016-08-18,574.317993
261,0,2016-08-19,575.630005
262,0,2016-08-20,581.697021
263,0,2016-08-21,581.307983
264,0,2016-08-22,586.752991
265,0,2016-08-23,583.414978
266,0,2016-08-24,580.182007
267,0,2016-08-25,577.760986
268,0,2016-08-26,579.651001
269,0,2016-08-27,569.947021
270,0,2016-08-28,573.911987
271,0,2016-08-29,574.106995
272,0,2016-08-30,577.502991
273,0,2016-08-31,575.471985
274,0,2016-09-01,572.302979
275,0,2016-09-02,575.536987
276,0,2016-09-03,598.211975
277,0,2016-09-04,608.633972
278,0,2016-09-05,606.590027
279,0,2016-09-06,610.435974
280,0,2016-09-07,614.544006
281,0,2016-09-08,626.315979
282,0,2016-09-09,622.861023
283,0,2016-09-10,623.508972
284,0,2016-09-11,606.718994
285,0,2016-09-12,608.242981
286,0,2016-09-13,609.241028
287,0,2016-09-14,610.684021
288,0,2016-09-15,607.155029
289,0,2016-09-16,606.973022
290,0,2016-09-17,605.984009
291,0,2016-09-18,609.874023
292,0,2016-09-19,609.22699
293,0,2016-09-20,608.312012
294,0,2016-09-21,597.148987
295,0,2016-09-22,596.297974
296,0,2016-09-23,602.84198
297,0,2016-09-24,602.625
298,0,2016-09-25,600.825989
299,0,2016-09-26,608.04303
300,0,2016-09-27,606.166016
301,0,2016-09-28,604.728027
302,0,2016-09-29,605.692993
303,0,2016-09-30,609.734985
304,0,2016-10-01,613.982971
305,0,2016-10-02,610.892029
306,0,2016-10-03,612.132996
307,0,2016-10-04,610.203979
308,0,2016-10-05,612.510986
309,0,2016-10-06,613.020996
310,0,2016-10-07,617.120972
311,0,2016-10-08,619.107971
312,0,2016-10-09,616.752014
313,0,2016-10-10,618.994019
314,0,2016-10-11,641.072021
315,0,2016-10-12,636.192017
316,0,2016-10-13,636.786011
317,0,2016-10-14,640.377991
318,0,2016-10-15,638.645996
319,0,2016-10-16,641.630981
320,0,2016-10-17,639.192993
321,0,2016-10-18,637.960022
322,0,2016-10-19,630.52002
323,0,2016-10-20,630.856995
324,0,2016-10-21,632.828003
325,0,2016-10-22,657.294006
326,0,2016-10-23,657.070984
327,0,2016-10-24,653.760986
328,0,2016-10-25,657.588013
329,0,2016-10-26,678.304016
330,0,2016-10-27,688.312988
331,0,2016-10-28,689.651001
332,0,2016-10-29,714.479004
333,0,2016-10-30,701.864014
334,0,2016-10-31,700.971985
335,0,2016-11-01,729.79303
336,0,2016-11-02,740.828979
337,0,2016-11-03,688.700012
338,0,2016-11-04,703.234985
339,0,2016-11-05,703.41803
340,0,2016-11-06,711.521973
341,0,2016-11-07,703.130981
342,0,2016-11-08,709.848022
343,0,2016-11-09,723.27301
344,0,2016-11-10,715.533997
345,0,2016-11-11,716.411011
346,0,2016-11-12,705.054016
347,0,2016-11-13,702.031006
348,0,2016-11-14,705.020996
349,0,2016-11-15,711.619019
350,0,2016-11-16,744.197998
351,0,2016-11-17,740.97699
352,0,2016-11-18,751.585022
353,0,2016-11-19,751.616028
354,0,2016-11-20,731.026001
355,0,2016-11-21,739.247986
356,0,2016-11-22,751.346985
357,0,2016-11-23,744.593994
358,0,2016-11-24,740.289001
359,0,2016-11-25,741.648987
360,0,2016-11-26,735.382019
361,0,2016-11-27,732.034973
362,0,2016-11-28,735.812988
363,0,2016-11-29,735.604004
364,0,2016-11-30,745.690979
365,0,2016-12-01,756.773987
366,0,2016-12-02,777.94397
367,0,2016-12-03,771.155029
368,0,2016-12-04,773.872009
369,0,2016-12-05,758.700012
370,0,2016-12-06,764.223999
371,0,2016-12-07,768.132019
372,0,2016-12-08,770.809998
373,0,2016-12-09,772.794006
374,0,2016-12-10,774.650024
375,0,2016-12-11,769.731018
376,0,2016-12-12,780.086975
377,0,2016-12-13,780.55603
378,0,2016-12-14,781.481018
379,0,2016-12-15,778.088013
380,0,2016-12-16,784.906982
381,0,2016-12-17,790.828979
382,0,2016-12-18,790.530029
383,0,2016-12-19,792.713989
384,0,2016-12-20,800.875977
385,0,2016-12-21,834.281006
386,0,2016-12-22,864.539978
387,0,2016-12-23,921.984009
388,0,2016-12-24,898.822021
389,0,2016-12-25,896.182983
390,0,2016-12-26,907.609985
391,0,2016-12-27,933.197998
392,0,2016-12-28,975.921021
393,0,2016-12-29,973.497009
394,0,2016-12-30,961.237976
395,0,2016-12-31,963.742981
396,0,2017-01-01,998.325012
397,0,2017-01-02,1021.75
398,0,2017-01-03,1043.839966
399,0,2017-01-04,1154.72998
400,0,2017-01-05,1013.380005
401,0,2017-01-06,902.200989
402,0,2017-01-07,908.585022
403,0,2017-01-08,911.198975
404,0,2017-01-09,902.828003
405,0,2017-01-10,907.679016
406,0,2017-01-11,777.757019
407,0,2017-01-12,804.833984
408,0,2017-01-13,823.984009
409,0,2017-01-14,818.411987
410,0,2017-01-15,821.797974
411,0,2017-01-16,831.533997
412,0,2017-01-17,907.937988
413,0,2017-01-18,886.617981
414,0,2017-01-19,899.072998
415,0,2017-01-20,895.026001
416,0,2017-01-21,921.789001
417,0,2017-01-22,924.672974
418,0,2017-01-23,921.012024
419,0,2017-01-24,892.687012
420,0,2017-01-25,901.541992
421,0,2017-01-26,917.585999
422,0,2017-01-27,919.75
423,0,2017-01-28,921.590027
424,0,2017-01-29,919.495972
425,0,2017-01-30,920.382019
426,0,2017-01-31,970.403015
427,0,2017-02-01,989.02301
428,0,2017-02-02,1011.799988
429,0,2017-02-03,1029.910034
430,0,2017-02-04,1042.900024
431,0,2017-02-05,1027.339966
432,0,2017-02-06,1038.150024
433,0,2017-02-07,1061.349976
434,0,2017-02-08,1063.069946
435,0,2017-02-09,994.382996
436,0,2017-02-10,988.674011
437,0,2017-02-11,1004.450012
438,0,2017-02-12,999.18103
439,0,2017-02-13,990.642029
440,0,2017-02-14,1004.549988
441,0,2017-02-15,1007.47998
442,0,2017-02-16,1027.439941
443,0,2017-02-17,1046.209961
444,0,2017-02-18,1054.420044
445,0,2017-02-19,1047.869995
446,0,2017-02-20,1079.97998
447,0,2017-02-21,1115.300049
448,0,2017-02-22,1117.439941
449,0,2017-02-23,1166.719971
450,0,2017-02-24,1173.680054
451,0,2017-02-25,1143.839966
452,0,2017-02-26,1165.199951
453,0,2017-02-27,1179.969971
454,0,2017-02-28,1179.969971
455,0,2017-03-01,1222.5
456,0,2017-03-02,1251.01001
457,0,2017-03-03,1274.98999
458,0,2017-03-04,1255.150024
459,0,2017-03-05,1267.119995
460,0,2017-03-06,1272.829956
461,0,2017-03-07,1223.540039
462,0,2017-03-08,1150
463,0,2017-03-09,1188.48999
464,0,2017-03-10,1116.719971
465,0,2017-03-11,1175.829956
466,0,2017-03-12,1221.380005
467,0,2017-03-13,1231.920044
468,0,2017-03-14,1240
469,0,2017-03-15,1249.609985
470,0,2017-03-16,1187.810059
471,0,2017-03-17,1100.22998
472,0,2017-03-18,973.817993
473,0,2017-03-19,1036.73999
474,0,2017-03-20,1054.22998
475,0,2017-03-21,1120.540039
476,0,2017-03-22,1049.140015
477,0,2017-03-23,1038.589966
478,0,2017-03-24,937.52002
479,0,2017-03-25,972.778992
480,0,2017-03-26,966.724976
481,0,2017-03-27,1045.77002
482,0,2017-03-28,1047.150024
483,0,2017-03-29,1039.969971
484,0,2017-03-30,1026.430054
485,0,2017-03-31,1071.790039
486,0,2017-04-01,1080.5
487,0,2017-04-02,1102.170044
488,0,2017-04-03,1143.810059
489,0,2017-04-04,1133.25
490,0,2017-04-05,1124.780029
491,0,2017-04-06,1182.680054
492,0,2017-04-07,1176.900024
493,0,2017-04-08,1175.949951
494,0,2017-04-09,1187.869995
495,0,2017-04-10,1187.130005
496,0,2017-04-11,1205.01001
497,0,2017-04-12,1200.369995
498,0,2017-04-13,1169.280029
499,0,2017-04-14,1167.540039
500,0,2017-04-15,1172.52002
501,0,2017-04-16,1182.939941
502,0,2017-04-17,1193.910034
503,0,2017-04-18,1211.670044
504,0,2017-04-19,1210.290039
505,0,2017-04-20,1229.079956
506,0,2017-04-21,1222.050049
507,0,2017-04-22,1231.709961
508,0,2017-04-23,1207.209961
509,0,2017-04-24,1250.150024
510,0,2017-04-25,1265.48999
511,0,2017-04-26,1281.079956
512,0,2017-04-27,1317.72998
513,0,2017-04-28,1316.47998
514,0,2017-04-29,1321.790039
515,0,2017-04-30,1347.890015
516,0,2017-05-01,1421.599976
517,0,2017-05-02,1452.819946
518,0,2017-05-03,1490.089966
519,0,2017-05-04,1537.670044
520,0,2017-05-05,1555.449951
521,0,2017-05-06,1578.800049
522,0,2017-05-07,1596.709961
523,0,2017-05-08,1723.349976
524,0,2017-05-09,1755.359985
525,0,2017-05-10,1787.130005
526,0,2017-05-11,1848.569946
527,0,2017-05-12,1724.23999
528,0,2017-05-13,1804.910034
529,0,2017-05-14,1808.910034
530,0,2017-05-15,1738.430054
531,0,2017-05-16,1734.449951
532,0,2017-05-17,1839.089966
533,0,2017-05-18,1888.650024
534,0,2017-05-19,1987.709961
535,0,2017-05-20,2084.72998
536,0,2017-05-21,2041.199951
537,0,2017-05-22,2173.399902
538,0,2017-05-23,2320.419922
539,0,2017-05-24,2443.639893
540,0,2017-05-25,2304.97998
541,0,2017-05-26,2202.419922
542,0,2017-05-27,2038.869995
543,0,2017-05-28,2155.800049
544,0,2017-05-29,2255.610107
545,0,2017-05-30,2175.469971
546,0,2017-05-31,2286.409912
547,0,2017-06-01,2407.879883
548,0,2017-06-02,2488.550049
549,0,2017-06-03,2515.350098
550,0,2017-06-04,2511.810059
551,0,2017-06-05,2686.810059
552,0,2017-06-06,2863.199951
553,0,2017-06-07,2732.159912
554,0,2017-06-08,2805.620117
555,0,2017-06-09,2823.810059
556,0,2017-06-10,2947.709961
557,0,2017-06-11,2958.110107
558,0,2017-06-12,2659.629883
559,0,2017-06-13,2717.02002
560,0,2017-06-14,2506.370117
561,0,2017-06-15,2464.580078
562,0,2017-06-16,2518.560059
563,0,2017-06-17,2655.879883
564,0,2017-06-18,2548.290039
565,0,2017-06-19,2589.600098
566,0,2017-06-20,2721.790039
567,0,2017-06-21,2689.100098
568,0,2017-06-22,2705.409912
569,0,2017-06-23,2744.909912
570,0,2017-06-24,2608.719971
571,0,2017-06-25,2589.409912
572,0,2017-06-26,2478.449951
573,0,2017-06-27,2552.449951
574,0,2017-06-28,2574.790039
575,0,2017-06-29,2539.320068
576,0,2017-06-30,2480.840088
577,0,2017-07-01,2434.550049
578,0,2017-07-02,2506.469971
579,0,2017-07-03,2564.060059
580,0,2017-07-04,2601.639893
581,0,2017-07-05,2601.98999
582,0,2017-07-06,2608.560059
583,0,2017-07-07,2518.659912
584,0,2017-07-08,2571.340088
585,0,2017-07-09,2518.439941
586,0,2017-07-10,2372.560059
587,0,2017-07-11,2337.790039
588,0,2017-07-12,2398.840088
589,0,2017-07-13,2357.899902
590,0,2017-07-14,2233.340088
591,0,2017-07-15,1998.859985
592,0,2017-07-16,1929.819946
593,0,2017-07-17,2228.409912
594,0,2017-07-18,2318.879883
595,0,2017-07-19,2273.429932
596,0,2017-07-20,2817.600098
597,0,2017-07-21,2667.76001
598,0,2017-07-22,2810.120117
599,0,2017-07-23,2730.399902
600,0,2017-07-24,2754.860107
601,0,2017-07-25,2576.47998
602,0,2017-07-26,2529.449951
603,0,2017-07-27,2671.780029
604,0,2017-07-28,2809.01001
605,0,2017-07-29,2726.449951
606,0,2017-07-30,2757.179932
607,0,2017-07-31,2875.340088
608,0,2017-08-01,2718.26001
609,0,2017-08-02,2710.669922
610,0,2017-08-03,2804.72998
611,0,2017-08-04,2895.889893
612,0,2017-08-05,3252.909912
613,0,2017-08-06,3213.939941
614,0,2017-08-07,3378.939941
615,0,2017-08-08,3419.939941
616,0,2017-08-09,3342.469971
617,0,2017-08-10,3381.280029
618,0,2017-08-11,3650.620117
619,0,2017-08-12,3884.709961
620,0,2017-08-13,4073.26001
621,0,2017-08-14,4325.129883
622,0,2017-08-15,4181.930176
623,0,2017-08-16,4376.629883
624,0,2017-08-17,4331.689941
625,0,2017-08-18,4160.620117
626,0,2017-08-19,4193.700195
627,0,2017-08-20,4087.659912
628,0,2017-08-21,4001.73999
629,0,2017-08-22,4100.52002
630,0,2017-08-23,4151.52002
631,0,2017-08-24,4334.680176
632,0,2017-08-25,4371.600098
633,0,2017-08-26,4352.399902
634,0,2017-08-27,4382.879883
635,0,2017-08-28,4382.660156
636,0,2017-08-29,4579.02002
637,0,2017-08-30,4565.299805
638,0,2017-08-31,4703.390137
639,0,2017-09-01,4892.009766
640,0,2017-09-02,4578.77002
641,0,2017-09-03,4582.959961
642,0,2017-09-04,4236.310059
643,0,2017-09-05,4376.529785
644,0,2017-09-06,4597.120117
645,0,2017-09-07,4599.879883
646,0,2017-09-08,4228.75
647,0,2017-09-09,4226.060059
648,0,2017-09-10,4122.939941
649,0,2017-09-11,4161.27002
650,0,2017-09-12,4130.810059
651,0,2017-09-13,3882.590088
652,0,2017-09-14,3154.949951
653,0,2017-09-15,3637.52002
654,0,2017-09-16,3625.040039
655,0,2017-09-17,3582.879883
656,0,2017-09-18,4065.199951
657,0,2017-09-19,3924.969971
658,0,2017-09-20,3905.949951
659,0,2017-09-21,3631.040039
660,0,2017-09-22,3630.699951
661,0,2017-09-23,3792.399902
662,0,2017-09-24,3682.840088
663,0,2017-09-25,3926.070068
664,0,2017-09-26,3892.350098
665,0,2017-09-27,4200.669922
666,0,2017-09-28,4174.72998
667,0,2017-09-29,4163.069824
668,0,2017-09-30,4338.709961
669,0,2017-10-01,4403.740234
670,0,2017-10-02,4409.319824
671,0,2017-10-03,4317.47998
672,0,2017-10-04,4229.359863
673,0,2017-10-05,4328.410156
674,0,2017-10-06,4370.810059
675,0,2017-10-07,4426.890137
676,0,2017-10-08,4610.47998
677,0,2017-10-09,4772.02002
678,0,2017-10-10,4781.990234
679,0,2017-10-11,4826.47998
680,0,2017-10-12,5446.910156
681,0,2017-10-13,5647.209961
682,0,2017-10-14,5831.790039
683,0,2017-10-15,5678.189941
684,0,2017-10-16,5725.589844
685,0,2017-10-17,5605.509766
686,0,2017-10-18,5590.689941
687,0,2017-10-19,5708.52002
688,0,2017-10-20,6011.450195
689,0,2017-10-21,6031.600098
690,0,2017-10-22,6008.419922
691,0,2017-10-23,5930.319824
692,0,2017-10-24,5526.640137
693,0,2017-10-25,5750.799805
694,0,2017-10-26,5904.830078
695,0,2017-10-27,5780.899902
696,0,2017-10-28,5753.089844
697,0,2017-10-29,6153.850098
698,0,2017-10-30,6130.529785
699,0,2017-10-31,6468.399902
700,0,2017-11-01,6767.310059
701,0,2017-11-02,7078.5
702,0,2017-11-03,7207.759766
703,0,2017-11-04,7379.950195
704,0,2017-11-05,7407.410156
705,0,2017-11-06,7022.759766
706,0,2017-11-07,7144.379883
707,0,2017-11-08,7459.689941
708,0,2017-11-09,7143.580078
709,0,2017-11-10,6618.140137
710,0,2017-11-11,6357.600098
711,0,2017-11-12,5950.069824
712,0,2017-11-13,6559.490234
713,0,2017-11-14,6635.75
714,0,2017-11-15,7315.540039
715,0,2017-11-16,7871.689941
716,0,2017-11-17,7708.990234
717,0,2017-11-18,7790.149902
718,0,2017-11-19,8036.490234
719,0,2017-11-20,8200.639648
720,0,2017-11-21,8071.259766
721,0,2017-11-22,8253.549805
722,0,2017-11-23,8038.77002
723,0,2017-11-24,8253.69043
724,0,2017-11-25,8790.919922
725,0,2017-11-26,9330.549805
726,0,2017-11-27,9818.349609
727,0,2017-11-28,10058.79981
728,0,2017-11-29,9888.610352
729,0,2017-11-30,10233.59961
730,0,2017-12-01,10975.59961
731,0,2017-12-02,11074.59961
732,0,2017-12-03,11323.2002
733,0,2017-12-04,11657.2002
734,0,2017-12-05,11916.7002
735,0,2017-12-06,14291.5
736,0,2017-12-07,17899.69922
737,0,2017-12-08,16569.40039
738,0,2017-12-09,15178.2002
739,0,2017-12-10,15455.40039
740,0,2017-12-11,16936.80078
741,0,2017-12-12,17415.40039
742,0,2017-12-13,16408.19922
743,0,2017-12-14,16564
744,0,2017-12-15,17706.90039
745,0,2017-12-16,19497.40039
746,0,2017-12-17,19140.80078
747,0,2017-12-18,19114.19922
748,0,2017-12-19,17776.69922
749,0,2017-12-20,16624.59961
750,0,2017-12-21,15802.90039
751,0,2017-12-22,13831.79981
752,0,2017-12-23,14699.2002
753,0,2017-12-24,13925.79981
754,0,2017-12-25,14026.59961
755,0,2017-12-26,16099.79981
756,0,2017-12-27,15838.5
757,0,2017-12-28,14606.5
758,0,2017-12-29,14656.2002
759,0,2017-12-30,12952.2002
760,0,2017-12-31,14156.40039
761,0,2018-01-01,13657.2002
762,0,2018-01-02,14982.09961
763,0,2018-01-03,15201
764,0,2018-01-04,15599.2002
765,0,2018-01-05,17429.5
766,0,2018-01-06,17527
767,0,2018-01-07,16477.59961
768,0,2018-01-08,15170.09961
769,0,2018-01-09,14595.40039
770,0,2018-01-10,14973.29981
771,0,2018-01-11,13405.79981
772,0,2018-01-12,13980.59961
773,0,2018-01-13,14360.2002
774,0,2018-01-14,13772
775,0,2018-01-15,13819.79981
776,0,2018-01-16,11490.5
777,0,2018-01-17,11188.59961
778,0,2018-01-18,11474.90039
779,0,2018-01-19,11607.40039
780,0,2018-01-20,12899.2002
781,0,2018-01-21,11600.09961
782,0,2018-01-22,10931.40039
783,0,2018-01-23,10868.40039
784,0,2018-01-24,11359.40039
785,0,2018-01-25,11259.40039
786,0,2018-01-26,11171.40039
787,0,2018-01-27,11440.7002
788,0,2018-01-28,11786.29981
789,0,2018-01-29,11296.40039
790,0,2018-01-30,10106.29981
791,0,2018-01-31,10221.09961
792,0,2018-02-01,9170.540039
793,0,2018-02-02,8830.75
794,0,2018-02-03,9174.910156
795,0,2018-02-04,8277.009766
796,0,2018-02-05,6955.27002
797,0,2018-02-06,7754
798,0,2018-02-07,7621.299805
799,0,2018-02-08,8265.589844
800,0,2018-02-09,8736.980469
801,0,2018-02-10,8621.900391
802,0,2018-02-11,8129.970215
803,0,2018-02-12,8926.570313
804,0,2018-02-13,8598.30957
805,0,2018-02-14,9494.629883
806,0,2018-02-15,10166.40039
807,0,2018-02-16,10233.90039
808,0,2018-02-17,11112.7002
809,0,2018-02-18,10551.79981
810,0,2018-02-19,11225.29981
811,0,2018-02-20,11403.7002
812,0,2018-02-21,10690.40039
813,0,2018-02-22,10005
814,0,2018-02-23,10301.09961
815,0,2018-02-24,9813.070313
816,0,2018-02-25,9664.730469
817,0,2018-02-26,10366.7002
818,0,2018-02-27,10725.59961
819,0,2018-02-28,10397.90039
820,0,2018-03-01,10951
821,0,2018-03-02,11086.40039
822,0,2018-03-03,11489.7002
823,0,2018-03-04,11512.59961
824,0,2018-03-05,11573.29981
825,0,2018-03-06,10779.90039
826,0,2018-03-07,9965.570313
827,0,2018-03-08,9395.009766
828,0,2018-03-09,9337.549805
829,0,2018-03-10,8866
830,0,2018-03-11,9578.629883
831,0,2018-03-12,9205.120117
832,0,2018-03-13,9194.849609
833,0,2018-03-14,8269.80957
834,0,2018-03-15,8300.860352
835,0,2018-03-16,8338.349609
836,0,2018-03-17,7916.879883
837,0,2018-03-18,8223.679688
838,0,2018-03-19,8630.650391
839,0,2018-03-20,8913.469727
840,0,2018-03-21,8929.280273
841,0,2018-03-22,8728.469727
842,0,2018-03-23,8879.620117
843,0,2018-03-24,8668.120117
844,0,2018-03-25,8495.780273
845,0,2018-03-26,8209.400391
846,0,2018-03-27,7833.040039
847,0,2018-03-28,7954.47998
848,0,2018-03-29,7165.700195
849,0,2018-03-30,6890.52002
850,0,2018-03-31,6973.529785
851,0,2018-04-01,6844.22998
852,0,2018-04-02,7083.799805
853,0,2018-04-03,7456.109863
854,0,2018-04-04,6853.839844
855,0,2018-04-05,6811.470215
856,0,2018-04-06,6636.319824
857,0,2018-04-07,6911.089844
858,0,2018-04-08,7023.52002
859,0,2018-04-09,6770.72998
860,0,2018-04-10,6834.759766
861,0,2018-04-11,6968.319824
862,0,2018-04-12,7889.25
863,0,2018-04-13,7895.959961
864,0,2018-04-14,7986.240234
865,0,2018-04-15,8329.110352
866,0,2018-04-16,8058.669922
867,0,2018-04-17,7902.089844
868,0,2018-04-18,8163.419922
869,0,2018-04-19,8294.30957
870,0,2018-04-20,8845.830078
871,0,2018-04-21,8895.580078
872,0,2018-04-22,8802.459961
873,0,2018-04-23,8930.879883
874,0,2018-04-24,9697.5
875,0,2018-04-25,8845.740234
876,0,2018-04-26,9281.509766
877,0,2018-04-27,8987.049805
878,0,2018-04-28,9348.480469
879,0,2018-04-29,9419.080078
880,0,2018-04-30,9240.549805
881,0,2018-05-01,9119.009766
882,0,2018-05-02,9235.919922
883,0,2018-05-03,9743.860352
884,0,2018-05-04,9700.759766
885,0,2018-05-05,9858.150391
886,0,2018-05-06,9654.799805
887,0,2018-05-07,9373.009766
888,0,2018-05-08,9234.820313
889,0,2018-05-09,9325.179688
890,0,2018-05-10,9043.94043
891,0,2018-05-11,8441.490234
892,0,2018-05-12,8504.889648
893,0,2018-05-13,8723.94043
894,0,2018-05-14,8716.790039
895,0,2018-05-15,8510.379883
896,0,2018-05-16,8368.830078
897,0,2018-05-17,8094.319824
898,0,2018-05-18,8250.969727
899,0,2018-05-19,8247.179688
900,0,2018-05-20,8513.25
901,0,2018-05-21,8418.990234
902,0,2018-05-22,8041.779785
903,0,2018-05-23,7557.819824
904,0,2018-05-24,7587.339844
905,0,2018-05-25,7480.140137
906,0,2018-05-26,7355.879883
907,0,2018-05-27,7368.220215
908,0,2018-05-28,7135.990234
909,0,2018-05-29,7472.589844
910,0,2018-05-30,7406.52002
911,0,2018-05-31,7494.169922
912,0,2018-06-01,7541.450195
913,0,2018-06-02,7643.450195
914,0,2018-06-03,7720.25
915,0,2018-06-04,7514.470215
916,0,2018-06-05,7633.759766
917,0,2018-06-06,7653.97998
918,0,2018-06-07,7678.240234
919,0,2018-06-08,7624.919922
920,0,2018-06-09,7531.97998
921,0,2018-06-10,6786.02002
922,0,2018-06-11,6906.919922
923,0,2018-06-12,6582.359863
924,0,2018-06-13,6349.899902
925,0,2018-06-14,6675.350098
926,0,2018-06-15,6456.580078
927,0,2018-06-16,6550.160156
928,0,2018-06-17,6499.27002
929,0,2018-06-18,6734.819824
930,0,2018-06-19,6769.939941
931,0,2018-06-20,6776.549805
932,0,2018-06-21,6729.740234
933,0,2018-06-22,6083.689941
934,0,2018-06-23,6162.47998
935,0,2018-06-24,6173.22998
936,0,2018-06-25,6249.180176
937,0,2018-06-26,6093.669922
938,0,2018-06-27,6157.129883
939,0,2018-06-28,5903.439941
940,0,2018-06-29,6218.299805
941,0,2018-06-30,6404
942,0,2018-07-01,6385.819824
943,0,2018-07-02,6614.180176
944,0,2018-07-03,6529.589844
945,0,2018-07-04,6597.549805
946,0,2018-07-05,6639.140137
947,0,2018-07-06,6673.5
948,0,2018-07-07,6856.930176
949,0,2018-07-08,6773.879883
950,0,2018-07-09,6741.75
951,0,2018-07-10,6329.950195
952,0,2018-07-11,6394.709961
953,0,2018-07-12,6228.810059
954,0,2018-07-13,6238.049805
955,0,2018-07-14,6276.120117
956,0,2018-07-15,6359.640137
957,0,2018-07-16,6741.75
958,0,2018-07-17,7321.040039
959,0,2018-07-18,7370.779785
960,0,2018-07-19,7466.859863
961,0,2018-07-20,7354.129883
962,0,2018-07-21,7419.290039
963,0,2018-07-22,7418.490234
964,0,2018-07-23,7711.109863
965,0,2018-07-24,8424.269531
966,0,2018-07-25,8181.390137
967,0,2018-07-26,7951.580078
968,0,2018-07-27,8165.009766
969,0,2018-07-28,8192.150391
970,0,2018-07-29,8218.459961
971,0,2018-07-30,8180.47998
972,0,2018-07-31,7780.439941
973,0,2018-08-01,7624.910156
974,0,2018-08-02,7567.149902
975,0,2018-08-03,7434.390137
976,0,2018-08-04,7032.850098
977,0,2018-08-05,7068.47998
978,0,2018-08-06,6951.799805
979,0,2018-08-07,6753.120117
980,0,2018-08-08,6305.799805
981,0,2018-08-09,6568.22998
982,0,2018-08-10,6184.709961
983,0,2018-08-11,6295.72998
984,0,2018-08-12,6322.689941
985,0,2018-08-13,6297.569824
986,0,2018-08-14,6199.709961
987,0,2018-08-15,6308.52002
988,0,2018-08-16,6334.72998
989,0,2018-08-17,6580.629883
990,0,2018-08-18,6423.759766
991,0,2018-08-19,6506.069824
992,0,2018-08-20,6308.529785
993,0,2018-08-21,6488.759766
994,0,2018-08-22,6376.709961
995,0,2018-08-23,6534.879883
996,0,2018-08-24,6719.959961
997,0,2018-08-25,6763.189941
998,0,2018-08-26,6707.259766
999,0,2018-08-27,6884.640137
1000,0,2018-08-28,7096.279785
1001,0,2018-08-29,7047.160156
1002,0,2018-08-30,6978.22998
1003,0,2018-08-31,7037.580078
1004,0,2018-09-01,7193.25
1005,0,2018-09-02,7272.720215
1006,0,2018-09-03,7260.060059
1007,0,2018-09-04,7361.660156
1008,0,2018-09-05,6792.830078
1009,0,2018-09-06,6529.169922
1010,0,2018-09-07,6467.069824
1011,0,2018-09-08,6225.97998
1012,0,2018-09-09,6300.859863
1013,0,2018-09-10,6329.700195
1014,0,2018-09-11,6321.200195
1015,0,2018-09-12,6351.799805
1016,0,2018-09-13,6517.310059
1017,0,2018-09-14,6512.709961
1018,0,2018-09-15,6543.200195
1019,0,2018-09-16,6517.180176
1020,0,2018-09-17,6281.200195
1021,0,2018-09-18,6371.299805
1022,0,2018-09-19,6398.540039
1023,0,2018-09-20,6519.669922
1024,0,2018-09-21,6734.950195
1025,0,2018-09-22,6721.97998
1026,0,2018-09-23,6710.629883
1027,0,2018-09-24,6595.410156
1028,0,2018-09-25,6446.470215
1029,0,2018-09-26,6495
1030,0,2018-09-27,6676.75
1031,0,2018-09-28,6644.129883
1032,0,2018-09-29,6601.959961
1033,0,2018-09-30,6625.560059
1034,0,2018-10-01,6589.620117
1035,0,2018-10-02,6556.100098
1036,0,2018-10-03,6502.589844
1037,0,2018-10-04,6576.689941
1038,0,2018-10-05,6622.47998
1039,0,2018-10-06,6588.310059
1040,0,2018-10-07,6602.950195
1041,0,2018-10-08,6652.22998
1042,0,2018-10-09,6642.640137
1043,0,2018-10-10,6585.529785
1044,0,2018-10-11,6256.240234
1045,0,2018-10-12,6274.580078
1046,0,2018-10-13,6285.990234
1047,0,2018-10-14,6290.930176
1048,0,2018-10-15,6596.540039
1049,0,2018-10-16,6596.109863
1050,0,2018-10-17,6544.430176
1051,0,2018-10-18,6476.709961
1052,0,2018-10-19,6465.410156
1053,0,2018-10-20,6489.189941
1054,0,2018-10-21,6482.350098
1055,0,2018-10-22,6487.160156
1056,0,2018-10-23,6475.740234
1057,0,2018-10-24,6495.839844
1058,0,2018-10-25,6476.290039
1059,0,2018-10-26,6474.75
1060,0,2018-10-27,6480.379883
1061,0,2018-10-28,6486.390137
1062,0,2018-10-29,6332.629883
1063,0,2018-10-30,6334.27002
1064,0,2018-10-31,6317.609863
1065,0,2018-11-01,6377.779785
1066,0,2018-11-02,6388.439941
1067,0,2018-11-03,6361.259766
1068,0,2018-11-04,6376.129883
1069,0,2018-11-05,6419.660156
1070,0,2018-11-06,6461.009766
1071,0,2018-11-07,6530.140137
1072,0,2018-11-08,6453.720215
1073,0,2018-11-09,6385.620117
1074,0,2018-11-10,6409.220215
1075,0,2018-11-11,6411.27002
1076,0,2018-11-12,6371.27002
1077,0,2018-11-13,6359.490234
1078,0,2018-11-14,5738.350098
1079,0,2018-11-15,5648.029785
1080,0,2018-11-16,5575.549805
1081,0,2018-11-17,5554.330078
1082,0,2018-11-18,5623.540039
1083,0,2018-11-19,4871.490234
1084,0,2018-11-20,4451.870117
1085,0,2018-11-21,4602.169922
1086,0,2018-11-22,4365.939941
1087,0,2018-11-23,4347.109863
1088,0,2018-11-24,3880.76001
1089,0,2018-11-25,4009.969971
1090,0,2018-11-26,3779.129883
1091,0,2018-11-27,3820.719971
1092,0,2018-11-28,4257.419922
1093,0,2018-11-29,4278.84668
1094,0,2018-11-30,4017.268555
1095,0,2018-12-01,4214.671875
1096,0,2018-12-02,4139.87793
1097,0,2018-12-03,3894.130859
1098,0,2018-12-04,3956.893799
1099,0,2018-12-05,3753.994873
1100,0,2018-12-06,3521.101807
1101,0,2018-12-07,3419.937256
1102,0,2018-12-08,3476.114746
1103,0,2018-12-09,3614.234375
1104,0,2018-12-10,3502.656006
1105,0,2018-12-11,3424.588135
1106,0,2018-12-12,3486.950195
1107,0,2018-12-13,3313.677246
1108,0,2018-12-14,3242.484863
1109,0,2018-12-15,3236.761719
1110,0,2018-12-16,3252.839111
1111,0,2018-12-17,3545.864746
1112,0,2018-12-18,3696.059082
1113,0,2018-12-19,3745.950684
1114,0,2018-12-20,4134.441406
1115,0,2018-12-21,3896.543701
1116,0,2018-12-22,4014.182617
1117,0,2018-12-23,3998.980225
1118,0,2018-12-24,4078.599121
1119,0,2018-12-25,3815.490723
1120,0,2018-12-26,3857.297607
1121,0,2018-12-27,3654.833496
1122,0,2018-12-28,3923.918701
1123,0,2018-12-29,3820.408691
1124,0,2018-12-30,3865.952637
1125,0,2018-12-31,3742.700439
1126,0,2019-01-01,3843.52002
1127,0,2019-01-02,3943.409424
1128,0,2019-01-03,3836.741211
1129,0,2019-01-04,3857.717529
1130,0,2019-01-05,3845.19458
1131,0,2019-01-06,4076.632568
1132,0,2019-01-07,4025.248291
1133,0,2019-01-08,4030.8479
1134,0,2019-01-09,4035.296387
1135,0,2019-01-10,3678.924561
1136,0,2019-01-11,3687.365479
1137,0,2019-01-12,3661.301025
1138,0,2019-01-13,3552.953125
1139,0,2019-01-14,3706.052246
1140,0,2019-01-15,3630.675293
1141,0,2019-01-16,3655.006836
1142,0,2019-01-17,3678.563965
1143,0,2019-01-18,3657.839355
1144,0,2019-01-19,3728.568359
1145,0,2019-01-20,3601.013672
1146,0,2019-01-21,3576.032471
1147,0,2019-01-22,3604.577148
1148,0,2019-01-23,3585.123047
1149,0,2019-01-24,3600.865479
1150,0,2019-01-25,3599.765869
1151,0,2019-01-26,3602.460449
1152,0,2019-01-27,3583.96582
1153,0,2019-01-28,3470.450439
1154,0,2019-01-29,3448.116943
1155,0,2019-01-30,3486.181641
1156,0,2019-01-31,3457.792725
1157,0,2019-02-01,3487.945313
1158,0,2019-02-02,3521.060791
1159,0,2019-02-03,3464.013428
1160,0,2019-02-04,3459.154053
1161,0,2019-02-05,3466.357422
1162,0,2019-02-06,3413.767822
1163,0,2019-02-07,3399.47168
1164,0,2019-02-08,3666.780273
1165,0,2019-02-09,3671.203613
1166,0,2019-02-10,3690.188232
1167,0,2019-02-11,3648.430664
1168,0,2019-02-12,3653.528564
1169,0,2019-02-13,3632.070557
1170,0,2019-02-14,3616.880859
1171,0,2019-02-15,3620.810791
1172,0,2019-02-16,3629.787598
1173,0,2019-02-17,3673.836182
1174,0,2019-02-18,3915.714355
1175,0,2019-02-19,3947.094482
1176,0,2019-02-20,3999.820557
1177,0,2019-02-21,3954.118164
1178,0,2019-02-22,4005.526611
1179,0,2019-02-23,4142.526855
1180,0,2019-02-24,3810.42749
1181,0,2019-02-25,3882.696289
1182,0,2019-02-26,3854.35791
1183,0,2019-02-27,3851.047363
1184,0,2019-02-28,3854.7854
1185,0,2019-03-01,3859.58374
1186,0,2019-03-02,3864.415039
1187,0,2019-03-03,3847.175781
1188,0,2019-03-04,3761.557129
1189,0,2019-03-05,3896.375
1190,0,2019-03-06,3903.942627
1191,0,2019-03-07,3911.484375
1192,0,2019-03-08,3901.131592
1193,0,2019-03-09,3963.313721
1194,0,2019-03-10,3951.599854
1195,0,2019-03-11,3905.227295
1196,0,2019-03-12,3909.15625
1197,0,2019-03-13,3906.717285
1198,0,2019-03-14,3924.369141
1199,0,2019-03-15,3960.911133
1200,0,2019-03-16,4048.72583
1201,0,2019-03-17,4025.229004
1202,0,2019-03-18,4032.507324
1203,0,2019-03-19,4071.190186
1204,0,2019-03-20,4087.476318
1205,0,2019-03-21,4029.326904
1206,0,2019-03-22,4023.968262
1207,0,2019-03-23,4035.826416
1208,0,2019-03-24,4022.168213
1209,0,2019-03-25,3963.070557
1210,0,2019-03-26,3985.080811
1211,0,2019-03-27,4087.066162
1212,0,2019-03-28,4069.107178
1213,0,2019-03-29,4098.374512
1214,0,2019-03-30,4106.660156
1215,0,2019-03-31,4105.404297
1216,0,2019-04-01,4158.183105
1217,0,2019-04-02,4879.87793
1218,0,2019-04-03,4973.021973
1219,0,2019-04-04,4922.798828
1220,0,2019-04-05,5036.681152
1221,0,2019-04-06,5059.817383
1222,0,2019-04-07,5198.896973
1223,0,2019-04-08,5289.770996
1224,0,2019-04-09,5204.958496
1225,0,2019-04-10,5324.551758
1226,0,2019-04-11,5064.487793
1227,0,2019-04-12,5089.539063
1228,0,2019-04-13,5096.586426
1229,0,2019-04-14,5167.722168
1230,0,2019-04-15,5067.108398
1231,0,2019-04-16,5235.55957
1232,0,2019-04-17,5251.937988
1233,0,2019-04-18,5298.385742
1234,0,2019-04-19,5303.8125
1235,0,2019-04-20,5337.88623
1236,0,2019-04-21,5314.53125
1237,0,2019-04-22,5399.365234
1238,0,2019-04-23,5572.361816
1239,0,2019-04-24,5464.866699
1240,0,2019-04-25,5210.515625
1241,0,2019-04-26,5279.348145
1242,0,2019-04-27,5268.291016
1243,0,2019-04-28,5285.13916
1244,0,2019-04-29,5247.352539
1245,0,2019-04-30,5350.726563
1246,0,2019-05-01,5402.697266
1247,0,2019-05-02,5505.283691
1248,0,2019-05-03,5768.289551
1249,0,2019-05-04,5831.16748
1250,0,2019-05-05,5795.708496
1251,0,2019-05-06,5746.807129
1252,0,2019-05-07,5829.501465
1253,0,2019-05-08,5982.45752
1254,0,2019-05-09,6174.528809
1255,0,2019-05-10,6378.849121
1256,0,2019-05-11,7204.771484
1257,0,2019-05-12,6972.371582
1258,0,2019-05-13,7814.915039
1259,0,2019-05-14,7994.416016
1260,0,2019-05-15,8205.167969
1261,0,2019-05-16,7884.90918
1262,0,2019-05-17,7343.895508
1263,0,2019-05-18,7271.208008
1264,0,2019-05-19,8197.689453
1265,0,2019-05-20,7978.309082
1266,0,2019-05-21,7963.327637
1267,0,2019-05-22,7680.066406
1268,0,2019-05-23,7881.84668
1269,0,2019-05-24,7987.371582
1270,0,2019-05-25,8052.543945
1271,0,2019-05-26,8673.21582
1272,0,2019-05-27,8805.77832
1273,0,2019-05-28,8719.961914
1274,0,2019-05-29,8659.487305
1275,0,2019-05-30,8319.472656
1276,0,2019-05-31,8574.501953
1277,0,2019-06-01,8564.016602
1278,0,2019-06-02,8742.958008
1279,0,2019-06-03,8208.995117
1280,0,2019-06-04,7707.770996
1281,0,2019-06-05,7824.231445
1282,0,2019-06-06,7822.023438
1283,0,2019-06-07,8043.951172
1284,0,2019-06-08,7954.12793
1285,0,2019-06-09,7688.077148
1286,0,2019-06-10,8000.32959
1287,0,2019-06-11,7927.714355
1288,0,2019-06-12,8145.857422
1289,0,2019-06-13,8230.923828
1290,0,2019-06-14,8693.833008
1291,0,2019-06-15,8838.375
1292,0,2019-06-16,8994.488281
1293,0,2019-06-17,9320.352539
1294,0,2019-06-18,9081.762695
1295,0,2019-06-19,9273.521484
1296,0,2019-06-20,9527.160156
1297,0,2019-06-21,10144.55664
1298,0,2019-06-22,10701.69141
1299,0,2019-06-23,10855.37109
1300,0,2019-06-24,11011.10254
1301,0,2019-06-25,11790.91699
1302,0,2019-06-26,13016.23145
1303,0,2019-06-27,11182.80664
1304,0,2019-06-28,12407.33203
1305,0,2019-06-29,11959.37109
1306,0,2019-06-30,10817.15527
1307,0,2019-07-01,10583.13477
1308,0,2019-07-02,10801.67773
1309,0,2019-07-03,11961.26953
1310,0,2019-07-04,11215.4375
1311,0,2019-07-05,10978.45996
1312,0,2019-07-06,11208.55078
1313,0,2019-07-07,11450.84668
1314,0,2019-07-08,12285.95801
1315,0,2019-07-09,12573.8125
1316,0,2019-07-10,12156.5127
1317,0,2019-07-11,11358.66211
1318,0,2019-07-12,11815.98633
1319,0,2019-07-13,11392.37891
1320,0,2019-07-14,10256.05859
1321,0,2019-07-15,10895.08984
1322,0,2019-07-16,9477.641602
1323,0,2019-07-17,9693.802734
1324,0,2019-07-18,10666.48242
1325,0,2019-07-19,10530.73242
1326,0,2019-07-20,10767.13965
1327,0,2019-07-21,10599.10547
1328,0,2019-07-22,10343.10645
1329,0,2019-07-23,9900.767578
1330,0,2019-07-24,9811.925781
1331,0,2019-07-25,9911.841797
1332,0,2019-07-26,9870.303711
1333,0,2019-07-27,9477.677734
1334,0,2019-07-28,9552.860352
1335,0,2019-07-29,9519.145508
1336,0,2019-07-30,9607.423828
1337,0,2019-07-31,10085.62793
1338,0,2019-08-01,10399.66895
1339,0,2019-08-02,10518.17481
1340,0,2019-08-03,10821.72656
1341,0,2019-08-04,10970.18457
1342,0,2019-08-05,11805.65332
1343,0,2019-08-06,11478.16895
1344,0,2019-08-07,11941.96875
1345,0,2019-08-08,11966.40723
1346,0,2019-08-09,11862.93652
1347,0,2019-08-10,11354.02441
1348,0,2019-08-11,11523.5791
1349,0,2019-08-12,11382.61621
1350,0,2019-08-13,10895.83008
1351,0,2019-08-14,10051.7041
1352,0,2019-08-15,10311.5459
1353,0,2019-08-16,10374.33887
1354,0,2019-08-17,10231.74414
1355,0,2019-08-18,10345.81055
1356,0,2019-08-19,10916.05371
1357,0,2019-08-20,10763.23242
1358,0,2019-08-21,10138.04981
1359,0,2019-08-22,10131.05566
1360,0,2019-08-23,10407.96484
1361,0,2019-08-24,10159.96094
1362,0,2019-08-25,10138.51758
1363,0,2019-08-26,10370.82031
1364,0,2019-08-27,10185.5
1365,0,2019-08-28,9754.422852
1366,0,2019-08-29,9510.200195
1367,0,2019-08-30,9598.173828
1368,0,2019-08-31,9630.664063
1369,0,2019-09-01,9757.970703
1370,0,2019-09-02,10346.76074
1371,0,2019-09-03,10623.54004
1372,0,2019-09-04,10594.49316
1373,0,2019-09-05,10575.5332
1374,0,2019-09-06,10353.30273
1375,0,2019-09-07,10517.25488
1376,0,2019-09-08,10441.27637
1377,0,2019-09-09,10334.97461
1378,0,2019-09-10,10115.97559
1379,0,2019-09-11,10178.37207
1380,0,2019-09-12,10410.12695
1381,0,2019-09-13,10360.54688
1382,0,2019-09-14,10358.04883
1383,0,2019-09-15,10347.71289
1384,0,2019-09-16,10276.79395
1385,0,2019-09-17,10241.27246
1386,0,2019-09-18,10198.24805
1387,0,2019-09-19,10266.41504
1388,0,2019-09-20,10181.6416
1389,0,2019-09-21,10019.7168
1390,0,2019-09-22,10070.39258
1391,0,2019-09-23,9729.324219
1392,0,2019-09-24,8620.566406
1393,0,2019-09-25,8486.993164
1394,0,2019-09-26,8118.967773
1395,0,2019-09-27,8251.845703
1396,0,2019-09-28,8245.915039
1397,0,2019-09-29,8104.185547
1398,0,2019-09-30,8293.868164
1399,0,2019-10-01,8343.276367
1400,0,2019-10-02,8393.041992
1401,0,2019-10-03,8259.992188
1402,0,2019-10-04,8205.939453
1403,0,2019-10-05,8151.500488
1404,0,2019-10-06,7988.155762
1405,0,2019-10-07,8245.623047
1406,0,2019-10-08,8228.783203
1407,0,2019-10-09,8595.740234
1408,0,2019-10-10,8586.473633
1409,0,2019-10-11,8321.756836
1410,0,2019-10-12,8336.555664
1411,0,2019-10-13,8321.005859
1412,0,2019-10-14,8374.686523
1413,0,2019-10-15,8205.369141
1414,0,2019-10-16,8047.526855
1415,0,2019-10-17,8103.911133
1416,0,2019-10-18,7973.20752
1417,0,2019-10-19,7988.560547
1418,0,2019-10-20,8222.078125
1419,0,2019-10-21,8243.720703
1420,0,2019-10-22,8078.203125
1421,0,2019-10-23,7514.671875
1422,0,2019-10-24,7493.48877
1423,0,2019-10-25,8660.700195
1424,0,2019-10-26,9244.972656
1425,0,2019-10-27,9551.714844
1426,0,2019-10-28,9256.148438
1427,0,2019-10-29,9427.6875
1428,0,2019-10-30,9205.726563
1429,0,2019-10-31,9199.584961
1430,0,2019-11-01,9261.104492
1431,0,2019-11-02,9324.717773
1432,0,2019-11-03,9235.354492
1433,0,2019-11-04,9412.612305
1434,0,2019-11-05,9342.527344
1435,0,2019-11-06,9360.879883
1436,0,2019-11-07,9267.561523
1437,0,2019-11-08,8804.880859
1438,0,2019-11-09,8813.582031
1439,0,2019-11-10,9055.526367
1440,0,2019-11-11,8757.788086
1441,0,2019-11-12,8815.662109
1442,0,2019-11-13,8808.262695
1443,0,2019-11-14,8708.094727
1444,0,2019-11-15,8491.992188
1445,0,2019-11-16,8550.760742
1446,0,2019-11-17,8577.975586
1447,0,2019-11-18,8309.286133
1448,0,2019-11-19,8206.145508
1449,0,2019-11-20,8027.268066
1450,0,2019-11-21,7642.75
1451,0,2019-11-22,7296.577637
1452,0,2019-11-23,7397.796875
1453,0,2019-11-24,7047.916992
1454,0,2019-11-25,7146.133789
1455,0,2019-11-26,7218.371094
1456,0,2019-11-27,7531.663574
1457,0,2019-11-28,7463.105957
1458,0,2019-11-29,7761.243652
1459,0,2019-11-30,7569.629883
1460,0,2019-12-01,7424.29248
1461,0,2019-12-02,7321.988281
1462,0,2019-12-03,7320.145508
1463,0,2019-12-04,7252.034668
1464,0,2019-12-05,7448.307617
1465,0,2019-12-06,7546.996582
1466,0,2019-12-07,7556.237793
1467,0,2019-12-08,7564.345215
1468,0,2019-12-09,7400.899414
1469,0,2019-12-10,7278.119629
1470,0,2019-12-11,7217.427246
1471,0,2019-12-12,7243.134277
1472,0,2019-12-13,7269.68457
1473,0,2019-12-14,7124.673828
1474,0,2019-12-15,7152.301758
1475,0,2019-12-16,6932.480469
1476,0,2019-12-17,6640.515137
1477,0,2019-12-18,7276.802734
1478,0,2019-12-19,7202.844238
1479,0,2019-12-20,7218.816406
1480,0,2019-12-21,7191.158691
1481,0,2019-12-22,7511.588867
1482,0,2019-12-23,7355.628418
1483,0,2019-12-24,7322.532227
1484,0,2019-12-25,7275.155762
1485,0,2019-12-26,7238.966797
1486,0,2019-12-27,7290.088379
1487,0,2019-12-28,7317.990234
1488,0,2019-12-29,7422.652832
1489,0,2019-12-30,7292.995117
1490,0,2019-12-31,7193.599121
1491,0,2020-01-01,7200.174316
1492,0,2020-01-02,6985.470215
1493,0,2020-01-03,7344.884277
1494,0,2020-01-04,7410.656738
1495,0,2020-01-05,7411.317383
1496,0,2020-01-06,7769.219238
1497,0,2020-01-07,8163.692383
1498,0,2020-01-08,8079.862793
