,Date;Open;High;Low;Close;Adj Close;Volume
09/01/2014;14250;14275;13950;14100;12057,17481;3619900
10/01/2014;14000;14950;14000;14900;12741,26953;11029900
13/01/2014;15200;15575;14900;15525;13275,71875;18980800
15/01/2014;15525;15900;15400;15675;13403,98633;7920100
16/01/2014;15675;15675;15000;15200;12997,80566;4040100
17/01/2014;15450;15600;15200;15200;12997,80566;5307400
20/01/2014;15050;15375;15025;15075;12890,91602;820100
21/01/2014;15300;15325;14875;14975;12805,40332;3679300
22/01/2014;14975;15075;14575;14675;12548,86719;7891800
23/01/2014;14800;15075;14800;14900;12741,26953;12021100
24/01/2014;14550;15000;14550;14550;12441,97754;6307300
27/01/2014;14200;14200;13800;13975;11950,28418;12919700
28/01/2014;13800;14175;13775;14000;11971,66309;5896900
29/01/2014;14100;14575;14100;14400;12313,70996;7763200
30/01/2014;14100;14350;13900;14200;12142,68555;9642300
03/02/2014;14250;14275;13900;14000;11971,66309;6971000
04/02/2014;13875;13975;13500;13875;11864,77246;8607400
05/02/2014;14000;14475;13975;14425;12335,08887;10301900
06/02/2014;14600;14625;14425;14550;12441,97754;6156100
07/02/2014;14600;15000;14575;14950;12784,02637;11853600
10/02/2014;15150;15250;14950;15075;12890,91602;9890500
11/02/2014;15000;15200;15000;15100;12912,29297;7367500
12/02/2014;15100;15200;15050;15100;12912,29297;5230600
13/02/2014;15200;15200;15050;15100;12912,29297;8479800
14/02/2014;15000;15200;14850;14850;12698,51367;6074100
17/02/2014;15000;15225;14900;15225;13019,18359;11717000
18/02/2014;15250;15275;14950;15000;12826,78223;5580900
19/02/2014;15000;15100;14925;15000;12826,78223;7283600
20/02/2014;15000;15100;14950;15100;12912,29297;5520400
21/02/2014;15100;15175;15025;15075;12890,91602;3941900
24/02/2014;15100;15200;14900;14900;12741,26953;5200700
25/02/2014;14950;15075;14600;14650;12527,49023;6913000
26/02/2014;14775;14775;14375;14375;12292,33203;7776400
27/02/2014;14550;14625;14425;14450;12356,46582;5979600
28/02/2014;14500;15000;14350;15000;12826,78223;10173400
03/03/2014;14700;14775;14625;14700;12570,24512;5080100
04/03/2014;14650;14750;14600;14700;12570,24512;5626500
05/03/2014;14750;14975;14725;14875;12719,89258;9589500
06/03/2014;14900;15125;14875;15100;12912,29297;6386500
07/03/2014;15150;15375;15150;15300;13083,31738;14511800
10/03/2014;15050;15300;15000;15300;13083,31738;6753900
11/03/2014;15025;15450;15025;15450;13211,58594;7885600
12/03/2014;15200;15300;15125;15125;12933,6709;5531100
13/03/2014;15000;15125;15000;15100;12912,29297;5830200
14/03/2014;15000;16100;14750;16000;13681,90039;24358000
17/03/2014;16400;17400;16350;16500;14109,45996;47918900
18/03/2014;16375;16775;15900;16075;13746,03418;16789700
19/03/2014;16075;16075;15800;16000;13681,90039;9317000
20/03/2014;15800;15850;15250;15300;13083,31738;13326800
21/03/2014;15450;15525;15200;15400;13168,82813;9359600
24/03/2014;15400;15850;15300;15750;13468,12012;6542400
25/03/2014;15750;15750;15525;15750;13468,12012;2197500
26/03/2014;15800;15900;15675;15700;13425,36426;3196900
27/03/2014;15500;15925;15500;15700;13425,36426;8145100
28/03/2014;15800;15975;15750;15800;13510,87793;5609300
01/04/2014;16000;16500;15975;16500;14109,45996;15970600
02/04/2014;16650;16700;16375;16600;14194,97168;6576500
03/04/2014;16800;17000;16600;17000;14537,01856;9454500
04/04/2014;16950;17000;16425;16625;14216,34961;8773300
07/04/2014;16500;17050;16500;16850;14408,75098;11366700
08/04/2014;16800;16975;16725;16800;14365,99609;13705400
09/04/2014;16800;16800;16800;16800;14365,99609;0
10/04/2014;15975;16000;15650;15675;13403,98633;29086500
11/04/2014;15500;15725;15275;15325;13104,69531;16923800
14/04/2014;15425;15950;15400;15925;13617,7666;12318500
15/04/2014;15950;16050;15900;15925;13617,7666;12586400
16/04/2014;15925;16025;15925;15950;13639,14551;4933500
17/04/2014;16025;16050;15700;15825;13532,25488;7961500
21/04/2014;15900;15900;15775;15775;13489,49805;2058600
22/04/2014;15750;15775;15525;15700;13425,36426;7127500
23/04/2014;15525;15825;15525;15700;13425,36426;7846100
24/04/2014;15625;15725;15475;15525;13275,71875;11618100
25/04/2014;15600;15775;15575;15700;13425,36426;9516200
28/04/2014;15700;15750;15350;15425;13190,20703;10107100
29/04/2014;15250;15250;14825;14975;13152,80762;9566200
30/04/2014;14925;14975;14800;14850;13043,01856;13165100
02/05/2014;14800;14850;14500;14600;12823,44043;12918000
05/05/2014;14600;14775;14400;14675;12889,3125;10284600
06/05/2014;14700;14775;14450;14525;12757,56543;10646500
07/05/2014;14425;14600;14175;14275;12537,98535;21426300
08/05/2014;14500;14750;14175;14700;12911,27148;21580200
09/05/2014;14750;14925;14550;14800;12999,10254;11020500
12/05/2014;14900;15625;14900;15600;13701,75684;21548900
13/05/2014;15650;15725;15425;15600;13701,75684;9578900
14/05/2014;15700;15950;15700;15950;14009,16895;15176500
16/05/2014;15900;16000;15850;15950;14009,16895;10795100
19/05/2014;15275;16050;15275;15275;13416,30371;21465900
20/05/2014;14850;15375;14500;14850;13043,01856;15437600
21/05/2014;14975;15000;14600;14975;13152,80762;9513000
22/05/2014;14950;15175;14925;14950;13130,85059;9012100
23/05/2014;15025;15125;14950;15025;13196,72461;4254100
26/05/2014;15000;15100;14975;15000;13174,7666;2955800
28/05/2014;15225;15250;15000;15225;13372,3877;8229700
30/05/2014;14725;15400;14725;14725;12933,22852;12470100
02/06/2014;14850;14900;14700;14850;13043,01856;3303900
03/06/2014;15050;15175;14775;15050;13218,68262;6527400
04/06/2014;15100;15150;15025;15100;13262,59766;5436000
05/06/2014;15225;15225;15075;15200;13350,43066;5653900
06/06/2014;15325;15350;15250;15325;13460,21973;5776200
09/06/2014;15000;15425;14825;15000;13174,7666;8005100
10/06/2014;15250;15250;15000;15250;13394,34473;4337800
11/06/2014;15350;15375;15250;15350;13482,17578;5032000
12/06/2014;15400;15450;15300;15400;13526,09277;6991100
13/06/2014;15425;15425;15325;15425;13548,05078;3951400
16/06/2014;15375;15475;15325;15375;13504,13574;4097400
17/06/2014;15425;15475;15300;15425;13548,05078;8783200
18/06/2014;15200;15425;15125;15200;13350,43066;6845800
19/06/2014;15000;15350;14950;15000;13174,7666;6802300
20/06/2014;14925;15175;14925;14925;13108,8916;5946300
23/06/2014;15000;15075;14925;15000;13174,7666;10743500
24/06/2014;15000;15125;14950;15000;13174,7666;6247500
25/06/2014;15000;15000;14950;15000;13174,7666;5500900
26/06/2014;15100;15175;14950;15100;13262,59766;7240200
27/06/2014;14975;15100;14975;14975;13152,80762;7339000
30/06/2014;15075;15075;14925;15075;13240,64063;4708600
01/07/2014;15075;15075;14950;15075;13240,64063;3147300
02/07/2014;15075;15100;14975;15075;13240,64063;5800900
03/07/2014;15025;15125;15000;15025;13196,72461;3911900
04/07/2014;15125;15275;15000;15125;13284,55664;8951500
07/07/2014;15925;15925;15125;15925;13987,20898;13175500
08/07/2014;16200;16325;15950;16200;14228,74805;21122200
09/07/2014;16200;16200;16200;16200;14228,74805;0
10/07/2014;16725;17050;16450;16725;14689,86328;33956400
11/07/2014;16650;16725;16200;16650;14623,99023;9997700
14/07/2014;16650;16775;16425;16650;14623,99023;5684100
15/07/2014;16925;16925;16575;16925;14865,52637;5091700
16/07/2014;17050;17050;16850;17050;14975,31836;9306600
17/07/2014;16550;17100;16500;16550;14536,1582;7743800
18/07/2014;16700;16875;16450;16700;14667,90723;4880900
21/07/2014;16975;17000;16825;16975;14909,44336;10260900
22/07/2014;16625;17150;15925;16625;14602,0332;9244900
23/07/2014;16875;17050;16550;16875;14821,61231;6811900
24/07/2014;16650;16825;16500;16650;14623,99023;6170300
25/07/2014;16575;16975;16250;16575;14558,11719;7066000
04/08/2014;16725;16825;16350;16725;14689,86328;14370200
05/08/2014;16500;16775;16375;16500;14492,24219;4980900
06/08/2014;16400;16600;16250;16400;14404,41016;4342900
07/08/2014;16350;16350;16100;16350;14360,49414;5788100
08/08/2014;16250;16500;16125;16250;14272,66309;5556100
11/08/2014;16575;16600;16400;16575;14558,11719;6163600
12/08/2014;16650;16700;16575;16650;14623,99023;5295200
13/08/2014;16725;16750;16575;16725;14689,86328;3087300
14/08/2014;16450;16700;16325;16450;14448,32715;3932600
15/08/2014;16475;16575;16400;16475;14470,28516;3104500
18/08/2014;16650;16700;16550;16650;14623,99023;5595700
19/08/2014;16675;16700;16525;16675;14645,94824;6224000
20/08/2014;16600;16675;16550;16600;14580,07422;6204200
21/08/2014;16650;16725;16525;16650;14623,99023;6286900
22/08/2014;16800;16825;16625;16800;14755,73828;5621700
25/08/2014;16775;16900;16575;16775;14733,7793;3823900
26/08/2014;16450;16825;16200;16450;14448,32715;7844000
27/08/2014;16250;16525;16200;16250;14272,66309;8155200
28/08/2014;16400;16525;16350;16400;14404,41016;4390300
29/08/2014;16225;16550;16225;16225;14250,70508;6057500
01/09/2014;16250;16350;16125;16250;14272,66309;4760400
02/09/2014;16275;16325;16150;16275;14294,62012;7053800
03/09/2014;16425;16500;16275;16425;14426,36914;3462200
04/09/2014;16250;16450;16250;16250;14272,66309;4982100
05/09/2014;16375;16400;16225;16375;14382,45313;4098000
08/09/2014;16300;16475;16275;16300;14316,5791;7046400
09/09/2014;15925;16400;15850;15925;13987,20898;8265300
10/09/2014;15825;15950;15725;15825;13899,37793;8374700
11/09/2014;15700;16000;15675;15700;13789,58984;13952400
12/09/2014;15775;15775;15500;15775;13855,46191;6014000
15/09/2014;16175;16175;15775;16175;14206,79004;7866000
16/09/2014;16175;16325;16025;16175;14206,79004;4613300
17/09/2014;16375;16400;16200;16375;14382,45313;5651800
18/09/2014;16425;16425;16325;16425;14426,36914;4675700
19/09/2014;16325;16500;16275;16325;14338,53711;8720800
22/09/2014;16275;16350;16225;16275;14294,62012;1735600
23/09/2014;16125;16275;16100;16125;14162,87402;5868000
24/09/2014;15975;16125;15975;15975;14031,125;12040700
25/09/2014;15950;16100;15900;15950;14009,16895;3507600
26/09/2014;15125;15575;15125;15125;13284,55664;18100200
29/09/2014;15250;15250;14700;15250;13394,34473;7576000
30/09/2014;15425;15475;15075;15425;13548,05078;6707400
01/10/2014;15150;15700;15150;15150;13306,51367;3967100
02/10/2014;14700;15000;14700;14700;12911,27148;11740200
03/10/2014;14625;14900;14525;14625;12845,39746;7527900
06/10/2014;15050;15050;14550;15050;13218,68262;3694200
07/10/2014;15400;15400;14900;15400;13526,09277;4531300
08/10/2014;14750;15200;14650;14750;12955,18652;13206200
09/10/2014;14825;15100;14825;14825;13021,05957;5799000
10/10/2014;14850;14875;14500;14850;13043,01856;3557300
13/10/2014;15100;15250;14650;15100;13262,59766;6253800
14/10/2014;15100;15125;14950;15100;13262,59766;4692100
15/10/2014;15625;15625;15125;15625;13723,71582;7945300
16/10/2014;15500;15750;15375;15500;13613,92481;5355400
17/10/2014;16000;16000;15375;16000;14053,08398;24746400
20/10/2014;16000;16325;16000;16000;14053,08398;8391800
21/10/2014;15700;16000;15650;15700;13789,58984;4672200
22/10/2014;16100;16150;15775;16100;14140,91504;6850300
23/10/2014;16100;16150;15900;16100;14140,91504;2929500
24/10/2014;15900;16075;15725;15900;13965,25195;4256800
27/10/2014;15800;16075;15775;15800;13877,4209;4086800
28/10/2014;15575;15850;15500;15575;13679,79883;3367700
29/10/2014;16025;16025;15700;16025;14075,04102;2983000
30/10/2014;15700;16100;15625;15700;13789,58984;6808800
31/10/2014;15875;15875;15700;15875;13943,29395;5974300
03/11/2014;15775;15900;15650;15775;13855,46191;7406800
04/11/2014;15700;15850;15700;15700;13789,58984;4034300
05/11/2014;15600;15775;15475;15600;13701,75684;2893300
06/11/2014;15375;15700;15375;15375;13504,13574;3887500
07/11/2014;15300;15425;15275;15300;13438,26074;3986600
10/11/2014;15200;15475;15000;15200;13350,43066;2198400
11/11/2014;15300;15475;15200;15300;13438,26074;5327700
12/11/2014;15475;15575;15300;15475;13591,9668;5615800
13/11/2014;15600;15675;15450;15600;13701,75684;5786500
14/11/2014;15975;16025;15525;15975;14031,125;7200600
17/11/2014;15975;15975;15775;15850;13921,33594;4328000
18/11/2014;15950;16100;15850;15950;14009,16895;3861000
19/11/2014;16075;16100;16000;16075;14118,95801;5557800
20/11/2014;16000;16075;15850;16000;14053,08398;4868500
21/11/2014;16100;16100;15850;16100;14140,91504;3675500
24/11/2014;16300;16350;16100;16300;14316,5791;5988500
25/11/2014;16075;16325;16075;16075;14118,95801;8386200
26/11/2014;16000;16200;15925;16000;14053,08398;6456300
27/11/2014;16050;16100;16000;16050;14097;5363600
28/11/2014;16000;16075;15975;16000;14053,08398;3842200
01/12/2014;16075;16750;16025;16675;14645,94824;7754400
02/12/2014;16600;16800;16500;16500;14492,24219;9843700
03/12/2014;16400;16700;16400;16575;14558,11719;7426600
04/12/2014;16650;16700;16500;16500;14492,24219;4419700
05/12/2014;16575;16600;16525;16550;14536,1582;2693800
08/12/2014;16700;16775;16500;16625;14602,0332;6049700
09/12/2014;16500;16575;16300;16475;14470,28516;5816200
10/12/2014;16550;16675;16500;16550;14536,1582;5358900
11/12/2014;16500;16700;16375;16375;14382,45313;5196500
12/12/2014;16500;16700;16500;16525;14514,2002;4921100
15/12/2014;16500;16500;16050;16150;14184,83106;5184500
16/12/2014;16050;16050;15450;15500;13613,92481;12906400
17/12/2014;15650;15700;15350;15350;13482,17578;9462500
18/12/2014;15600;15825;15600;15800;13877,4209;5840900
19/12/2014;15975;16100;15850;15975;14031,125;5219600
22/12/2014;16025;16125;16000;16000;14053,08398;4959200
23/12/2014;16100;16150;16050;16075;14118,95801;3016900
24/12/2014;15850;16175;15850;16100;14140,91504;2375000
29/12/2014;16100;16225;16100;16175;14206,79004;3066700
30/12/2014;16200;16225;16125;16200;14228,74805;3095700
02/01/2015;16125;16325;16125;16200;14228,74805;3881700
05/01/2015;16250;16325;16150;16225;14250,70508;3005500
06/01/2015;15900;16100;15900;15925;13987,20898;5405300
07/01/2015;15900;16100;15900;15975;14031,125;4669700
08/01/2015;16025;16075;15825;15875;13943,29395;8796300
09/01/2015;15900;16000;15750;15750;13833,50391;8721500
12/01/2015;15700;16025;15700;15950;14009,16895;2813600
13/01/2015;16050;16175;16000;16150;14184,83106;5453800
14/01/2015;16200;16200;15925;15925;13987,20898;4783300
15/01/2015;16200;16250;16125;16200;14228,74805;12175700
16/01/2015;16275;16475;15000;15000;13174,7666;46601000
19/01/2015;15000;15100;13950;14100;12384,28027;44418900
20/01/2015;14100;14375;13950;14175;12450,1543;25941600
21/01/2015;14200;14300;14000;14100;12384,28027;12875600
22/01/2015;14175;14525;14125;14400;12647,77441;14727600
23/01/2015;14600;14675;14450;14475;12713,64941;10625800
26/01/2015;14400;14750;14300;14475;12713,64941;14053800
27/01/2015;14400;14575;14300;14525;12757,56543;7188400
28/01/2015;14475;14550;14425;14475;12713,64941;5217600
29/01/2015;14350;14475;14350;14400;12647,77441;5588700
30/01/2015;14550;14625;14450;14575;12801,48047;8605800
02/02/2015;14500;14575;14350;14500;12735,60742;7509100
03/02/2015;14500;14700;14500;14675;12889,3125;10137300
04/02/2015;14750;14850;14675;14775;12977,14356;15227400
05/02/2015;14700;14775;14550;14625;12845,39746;8725400
06/02/2015;14750;14775;14600;14775;12977,14356;4117200
09/02/2015;14775;14925;14750;14900;13086,93359;8165300
10/02/2015;14850;14875;14725;14725;12933,22852;5027400
11/02/2015;14700;14775;14600;14725;12933,22852;6138400
12/02/2015;14725;14725;14375;14400;12647,77441;13233000
13/02/2015;14500;14525;14400;14450;12691,69043;3569200
16/02/2015;14425;14600;14425;14500;12735,60742;8163300
17/02/2015;14550;14700;14500;14675;12889,3125;3273100
18/02/2015;14725;14850;14700;14775;12977,14356;5334500
20/02/2015;14700;14825;14675;14750;12955,18652;2718100
23/02/2015;14825;14825;14750;14800;12999,10254;3703300
24/02/2015;14800;15000;14775;14925;13108,8916;8595500
25/02/2015;14950;15150;14950;15150;13306,51367;6657500
26/02/2015;15050;15150;15025;15100;13262,59766;5976200
27/02/2015;15000;15100;14875;14875;13064,97656;5543600
02/03/2015;14850;14925;14800;14900;13086,93359;4715500
03/03/2015;14875;14900;14800;14825;13021,05957;8928400
04/03/2015;14900;14925;14800;14875;13064,97656;4795300
05/03/2015;14900;14950;14800;14900;13086,93359;5595200
06/03/2015;14950;14950;14800;14950;13130,85059;4159100
09/03/2015;14950;14950;14750;14750;12955,18652;4540400
10/03/2015;14725;14750;14625;14700;12911,27148;5142600
11/03/2015;14625;14675;14400;14450;12691,69043;7702900
12/03/2015;14425;14450;14350;14375;12625,81738;5194200
13/03/2015;14325;14400;14225;14225;12494,07031;5291200
16/03/2015;14250;14450;14225;14400;12647,77441;3444400
17/03/2015;14450;14550;14375;14500;12735,60742;6800900
18/03/2015;14525;14525;14250;14250;12516,02832;3802500
19/03/2015;14450;14550;14275;14400;12647,77441;6636500
20/03/2015;14275;14300;13800;13800;12120,78516;16436000
23/03/2015;13875;13925;13525;13525;11879,24707;6352800
24/03/2015;13500;13525;13300;13425;11791,41602;9697200
25/03/2015;13375;13425;12875;12875;11308,34082;10045900
26/03/2015;12650;13150;12525;13000;11418,13086;9453100
27/03/2015;12975;13450;12975;13450;11813,37402;10043300
30/03/2015;13600;13625;13475;13550;11901,20606;8594600
31/03/2015;13700;13700;13550;13650;11989,03711;8604300
01/04/2015;13600;13650;13400;13650;11989,03711;4835900
02/04/2015;13650;13675;13425;13600;11945,12207;3820800
06/04/2015;13600;13650;13500;13625;11967,08008;1487100
07/04/2015;13700;13800;13650;13675;12010,99609;5350800
08/04/2015;13700;13700;13350;13475;11835,33106;5472700
09/04/2015;13575;13575;13450;13550;11901,20606;2230400
10/04/2015;13500;13525;13350;13425;11791,41602;2772800
13/04/2015;13000;13400;13000;13000;11418,13086;7867100
14/04/2015;13050;13100;12775;12850;11286,38281;4669600
15/04/2015;12850;13150;12800;13125;11527,91992;3044800
16/04/2015;13200;13700;13175;13700;12032,95313;8938900
17/04/2015;13750;13875;13700;13800;12120,78516;4741700
20/04/2015;13800;13800;13600;13750;12076,86914;2614900
21/04/2015;13700;13825;13500;13825;12142,74121;5657600
22/04/2015;13750;13850;13675;13700;12032,95313;6232800
23/04/2015;13700;13775;13525;13550;11901,20606;8649600
24/04/2015;13350;13600;13275;13525;12217,68066;4472100
27/04/2015;13625;13625;13250;13325;12037,01367;7786600
28/04/2015;13325;13325;13050;13225;11946,67969;4788200
29/04/2015;13400;13400;12700;12975;11720,84473;6774500
30/04/2015;12975;13000;12400;12500;11291,75781;13278500
04/05/2015;12500;12825;12500;12725;11495,00977;5988400
05/05/2015;12825;13000;12625;13000;11743,42871;4212300
06/05/2015;12950;13275;12825;13100;11833,76172;7046000
07/05/2015;12950;13100;12850;12875;11630,51074;4059700
08/05/2015;12825;13350;12825;13325;12037,01367;5310900
11/05/2015;13425;13500;13250;13275;11991,84668;1785600
12/05/2015;13225;13425;13225;13225;11946,67969;3617200
13/05/2015;13125;13225;12900;13025;11766,01074;4120000
15/05/2015;13200;13300;13175;13300;12014,43066;4583300
18/05/2015;13400;13400;13250;13375;12082,18066;1188400
19/05/2015;13400;13400;13275;13325;12037,01367;3345600
20/05/2015;13325;13375;13125;13150;11878,92969;8323300
21/05/2015;13150;13300;13050;13200;11924,09668;6705700
22/05/2015;13200;13250;13125;13125;11856,34473;6959900
25/05/2015;13175;13200;13075;13150;11878,92969;1636400
26/05/2015;13150;13325;13150;13250;11969,2627;3898100
27/05/2015;13200;13250;13125;13175;11901,5127;5432400
28/05/2015;13300;13400;13250;13350;12059,59668;4266800
29/05/2015;13350;13475;13350;13450;12149,93066;6217600
01/06/2015;13350;13500;13300;13475;12172,51465;1669900
03/06/2015;13475;13575;13300;13300;12014,43066;4889900
04/06/2015;13300;13350;13225;13250;11969,2627;3200200
05/06/2015;13350;13350;13200;13225;11946,67969;1847200
08/06/2015;13250;13250;12900;12975;11720,84473;2857700
09/06/2015;13200;13200;12575;12575;11359,50781;4512800
10/06/2015;12575;12950;12575;12825;11585,34473;2826600
11/06/2015;13100;13100;12625;12650;11427,25879;2219600
12/06/2015;12825;12975;12500;12525;11314,3418;3151400
15/06/2015;12450;12600;12300;12300;11111,08984;2662500
16/06/2015;12400;12400;12150;12150;10975,58789;4211000
17/06/2015;12225;12475;12225;12400;11201,42383;3862700
18/06/2015;12400;12400;12275;12300;11111,08984;4698300
19/06/2015;12450;12450;12225;12425;11224,00781;4614700
22/06/2015;12450;12475;12250;12350;11156,25684;1036100
23/06/2015;12300;12450;12250;12250;11065,92188;2295400
24/06/2015;12250;12350;12175;12300;11111,08984;2468900
25/06/2015;12300;12300;12075;12100;10930,4209;4894600
26/06/2015;12100;12150;12025;12075;10907,83789;3002900
29/06/2015;12000;12025;11800;12000;10840,08691;5350900
30/06/2015;12000;12125;11925;12000;10840,08691;4734700
01/07/2015;12100;12125;12000;12000;10840,08691;3078200
02/07/2015;12100;12350;11925;12350;11156,25684;6998000
03/07/2015;12350;12350;12175;12250;11065,92188;1803100
06/07/2015;12050;12100;11875;11900;10749,75391;3837000
07/07/2015;11950;12000;11525;11625;10501,33496;7252600
08/07/2015;11550;11700;11500;11525;10411,00098;6693300
09/07/2015;11500;11525;11125;11300;10207,74805;6061700
10/07/2015;11300;11400;11175;11200;10117,41504;5439500
13/07/2015;11300;11350;11225;11300;10207,74805;3451000
14/07/2015;11400;11600;11325;11550;10433,58496;7095500
15/07/2015;11550;11600;11325;11575;10456,16699;2597500
22/07/2015;11500;11600;11425;11600;10478,75098;4543400
23/07/2015;11550;11575;11450;11500;10388,41699;1471500
24/07/2015;11400;11400;11225;11225;10139,99902;1183000
27/07/2015;11200;11200;10250;10250;9259,242188;7951800
28/07/2015;10250;10300;10025;10100;9123,740234;6662600
29/07/2015;10275;10325;10100;10275;9281,825195;4809300
30/07/2015;10275;10300;9925;9925;8965,655273;3694000
31/07/2015;9925;10325;9900;10100;9123,740234;5468400
03/08/2015;10100;10225;9775;9850;8897,905273;3477300
04/08/2015;9800;10025;9800;9950;8988,239258;2695900
05/08/2015;9875;10200;9850;10200;9214,074219;5586700
06/08/2015;10200;10300;9850;9875;8920,488281;7369200
07/08/2015;9850;9975;9825;9950;8988,239258;2577200
10/08/2015;9900;9900;9625;9700;8762,40332;2763800
11/08/2015;9750;9775;9050;9050;8175,23291;5691300
12/08/2015;8950;8950;8625;8650;7813,896484;8832200
13/08/2015;8700;9000;8700;8850;7994,564453;7931900
14/08/2015;8875;8875;8675;8725;7881,646484;5119800
18/08/2015;8725;8775;8225;8225;7429,976074;4821500
19/08/2015;8225;8400;7950;8250;7452,560059;4777600
20/08/2015;8250;8275;8050;8075;7294,475098;3791200
21/08/2015;7825;8050;7750;7975;7204,141113;8545400
24/08/2015;7700;7700;7100;7200;6504,052246;13114900
25/08/2015;7325;7825;7275;7700;6955,723145;14192600
26/08/2015;8675;8750;7500;8675;7836,479492;15700600
27/08/2015;8875;9100;8725;8950;8084,898926;11571300
28/08/2015;9150;9500;9100;9350;8446,233398;14861700
31/08/2015;9400;9425;9075;9250;8355,899414;7299600
01/09/2015;9150;9175;8975;9025;8152,648926;10238300
02/09/2015;8950;9300;8850;9025;8152,648926;7851800
03/09/2015;9250;9250;9075;9225;8333,317383;2310200
04/09/2015;9225;9225;9025;9050;8175,23291;2843700
07/09/2015;8975;8975;8100;8375;7565,477051;4804000
08/09/2015;8400;9050;8250;8800;7949,397461;4456300
09/09/2015;9075;9275;8900;9250;8355,899414;6626300
10/09/2015;9050;10300;8950;10300;9304,40918;15847700
11/09/2015;10400;10500;9975;10300;9304,40918;7463400
14/09/2015;10000;10200;10000;10200;9214,074219;5248100
15/09/2015;10050;10100;9925;10000;9033,40625;3339100
16/09/2015;10000;10050;9575;9700;8762,40332;5767600
17/09/2015;9700;9900;9600;9700;8762,40332;4702600
18/09/2015;9750;9850;9600;9775;8830,154297;6619600
21/09/2015;9600;9850;9575;9750;8807,570313;3080300
22/09/2015;9800;9850;9450;9475;8559,152344;5836600
23/09/2015;9400;9600;9325;9475;8559,152344;3495300
25/09/2015;9575;9575;9150;9475;8559,152344;7037800
28/09/2015;9350;9400;9050;9150;8265,566406;4205500
29/09/2015;8750;9200;8650;9100;8220,399414;10837600
30/09/2015;9200;9250;8975;9050;8175,23291;7186900
01/10/2015;9050;9325;9050;9200;8310,733398;3229400
02/10/2015;9175;9175;9075;9100;8220,399414;2811700
05/10/2015;9325;10050;9125;10050;9078,572266;7815700
06/10/2015;10250;10350;9925;10075;9101,157227;6624600
07/10/2015;10200;10750;10000;10750;9710,912109;7134400
08/10/2015;10750;10775;10400;10450;9439,90918;3233400
09/10/2015;10600;10900;10500;10550;9530,242188;6336500
12/10/2015;10650;10700;10450;10600;9575,410156;4626900
13/10/2015;10700;10700;10050;10150;9168,90625;7374600
15/10/2015;10300;10450;10150;10150;9168,90625;2931800
16/10/2015;10300;10575;10250;10400;9394,743164;5010000
19/10/2015;10400;10800;10400;10625;9597,993164;4145400
20/10/2015;10550;10700;10500;10575;9552,827148;3582200
21/10/2015;10625;11300;10625;11250;10162,58203;7709700
22/10/2015;11200;11200;10675;10725;9688,328125;6268900
23/10/2015;11000;11125;10800;10850;9801,245117;6852800
26/10/2015;10900;11000;10525;10700;9665,744141;5504500
27/10/2015;10500;10500;10250;10325;9326,991211;5562000
28/10/2015;10250;10425;10250;10325;9326,991211;3908100
29/10/2015;10375;10400;9725;9800;8852,738281;10201000
30/10/2015;9700;9975;9650;9800;8852,738281;6445600
02/11/2015;9725;9825;9625;9750;8807,570313;4545300
03/11/2015;9900;10275;9850;10200;9214,074219;5185100
04/11/2015;10225;10650;10225;10600;9575,410156;5781100
05/11/2015;10400;10700;10325;10650;9620,578125;5422000
06/11/2015;10675;10700;10325;10675;9643,161133;4577900
09/11/2015;10500;10550;10250;10250;9259,242188;4248200
10/11/2015;10050;10325;9950;9950;8988,239258;4165200
11/11/2015;9975;10575;9975;10500;9485,076172;11839900
12/11/2015;10400;10600;10150;10150;9168,90625;4775400
13/11/2015;10100;10875;10050;10675;9643,161133;13291600
16/11/2015;10450;10900;10450;10800;9756,078125;9889300
17/11/2015;10975;11200;10950;11100;10027,08106;9483600
18/11/2015;11100;11625;11100;11500;10388,41699;13168900
19/11/2015;11600;11675;11300;11400;10298,08301;3255300
20/11/2015;11500;11775;11225;11400;10298,08301;5743100
23/11/2015;11350;11550;11225;11400;10298,08301;4261200
24/11/2015;11175;11200;10925;10925;9868,996094;5403100
25/11/2015;10925;11125;10925;11050;9981,914063;2946400
26/11/2015;11200;11350;10950;11175;10094,83106;3267300
27/11/2015;11250;11275;11000;11025;9959,329102;2287200
30/11/2015;10950;11075;10625;10625;9597,993164;9809900
01/12/2015;11000;11150;10925;11025;9959,329102;4018200
02/12/2015;11050;11275;11025;11175;10094,83106;3964100
03/12/2015;11000;11200;11000;11075;10004,49805;1573900
04/12/2015;10950;11100;10925;10950;9891,579102;4510900
07/12/2015;11125;11175;10950;11000;9936,746094;3428900
08/12/2015;11000;11125;10925;10975;9914,163086;7002100
09/12/2015;10975;10975;10975;10975;9914,163086;0
10/12/2015;10875;11200;10825;11200;10117,41504;4489800
11/12/2015;11050;11175;10750;10750;9710,912109;5137800
14/12/2015;10700;10725;10300;10450;9439,90918;3703500
15/12/2015;10350;10475;10275;10400;9394,743164;5522900
16/12/2015;10425;10750;10400;10550;9530,242188;6111000
17/12/2015;10900;10900;10700;10800;9756,078125;5316600
18/12/2015;10550;10675;10375;10475;9462,493164;8545500
21/12/2015;10550;10950;10475;10900;9846,412109;6442500
22/12/2015;10975;10975;10800;10975;9914,163086;3225700
23/12/2015;10975;11200;10850;11200;10117,41504;4807500
28/12/2015;11050;11175;10750;11050;9981,914063;6860200
29/12/2015;11175;11200;11075;11175;10094,83106;3022300
30/12/2015;11200;11500;11175;11400;10298,08301;6264000
04/01/2016;11275;11425;11050;11125;10049,66406;3162000
05/01/2016;11100;11400;11025;11150;10072,24805;5570800
06/01/2016;11175;11475;11150;11450;10343,25;5566500
07/01/2016;11375;11375;11000;11050;9981,914063;3363800
08/01/2016;11025;11100;10850;10975;9914,163086;9930500
11/01/2016;10875;11000;10650;10700;9665,744141;8854800
12/01/2016;10800;10950;10750;10825;9778,662109;8034500
13/01/2016;10950;10975;10850;10900;9846,412109;5897300
14/01/2016;10600;10800;10325;10600;9575,410156;13988700
15/01/2016;10625;10700;10550;10600;9575,410156;5496900
18/01/2016;10400;10500;10350;10450;9439,90918;3159700
19/01/2016;10525;10600;10450;10575;9552,827148;4804700
20/01/2016;10525;10650;10200;10200;9214,074219;10191500
21/01/2016;10400;10450;10000;10075;9101,157227;6122700
22/01/2016;10225;10400;10075;10350;9349,575195;4851100
25/01/2016;10450;10525;10300;10300;9304,40918;8085600
26/01/2016;10150;10250;10025;10050;9078,572266;7976600
27/01/2016;10200;10575;10175;10575;9552,827148;8826700
28/01/2016;10525;10700;10475;10700;9665,744141;8194900
29/01/2016;10800;11050;10500;11050;9981,914063;16683800
01/02/2016;11000;11000;10900;10975;9914,163086;4736800
02/02/2016;10950;11050;10800;10800;9756,078125;4467800
03/02/2016;10700;10700;10425;10475;9462,493164;6925500
04/02/2016;10525;10675;10525;10625;9597,993164;4824300
05/02/2016;10650;10875;10625;10825;9778,662109;9081500
09/02/2016;10700;10750;10600;10700;9665,744141;2628900
10/02/2016;10625;10825;10600;10750;9710,912109;2660500
11/02/2016;10625;11050;10625;10975;9914,163086;9525300
12/02/2016;10900;11175;10775;10875;9823,829102;5874200
15/02/2016;10925;11000;10725;10750;9710,912109;4198800
16/02/2016;10750;10825;10600;10700;9665,744141;3456900
17/02/2016;10625;10675;10450;10575;9552,827148;7723400
18/02/2016;10500;10675;10450;10475;9462,493164;9795800
19/02/2016;10450;10500;10150;10175;9191,490234;9593300
22/02/2016;10200;10300;10100;10125;9146,323242;3876900
23/02/2016;10150;10225;9950;10100;9123,740234;7297500
24/02/2016;10000;10175;9925;10100;9123,740234;4746700
25/02/2016;10175;10300;10150;10200;9214,074219;6077600
26/02/2016;10350;10375;10225;10250;9259,242188;3272200
29/02/2016;10275;10300;10125;10250;9259,242188;6997100
01/03/2016;10225;10275;10150;10250;9259,242188;6658500
02/03/2016;10350;10475;10300;10400;9394,743164;10028400
03/03/2016;10550;10550;10275;10375;9372,158203;7589800
04/03/2016;10450;10475;10325;10425;9417,326172;5242200
07/03/2016;10475;10475;10375;10400;9394,743164;3309000
08/03/2016;10400;10450;10300;10400;9394,743164;6473300
10/03/2016;10350;10625;10275;10600;9575,410156;7921900
15/03/2016;10550;10575;10450;10475;9462,493164;2793800
16/03/2016;10475;10650;10425;10600;9575,410156;3439300
17/03/2016;10625;10650;10475;10575;9552,827148;5974300
18/03/2016;10600;10625;10375;10500;9485,076172;9839000
21/03/2016;10400;10525;10350;10450;9439,90918;3919600
22/03/2016;10450;10650;10450;10650;9620,578125;6691300
23/03/2016;10650;10725;10575;10725;9688,328125;5358700
24/03/2016;10675;10750;10650;10725;9688,328125;6653500
28/03/2016;10600;10625;10425;10600;9575,410156;3761200
29/03/2016;10600;10600;10250;10250;9259,242188;6156500
30/03/2016;10350;10375;10075;10125;9146,323242;12967400
31/03/2016;10000;10200;10000;10175;9191,490234;10147000
01/04/2016;10175;10200;10075;10200;9214,074219;4440000
04/04/2016;10250;10275;10200;10225;9236,657227;5469300
05/04/2016;10225;10350;10225;10250;9259,242188;8078400
06/04/2016;10250;10300;10225;10275;9281,825195;5285400
07/04/2016;10300;10325;10200;10300;9304,40918;6112600
08/04/2016;10300;10425;10200;10425;9417,326172;5755200
12/04/2016;10425;10500;10375;10500;9485,076172;4653200
19/04/2016;10500;10500;10500;10500;9485,076172;0
20/04/2016;10325;10450;10325;10425;9417,326172;2746600
21/04/2016;10425;10525;10400;10525;9507,65918;2789200
22/04/2016;10525;10625;10425;10525;9507,65918;3843900
25/04/2016;10600;10600;10500;10550;9530,242188;5558100
26/04/2016;10525;10525;10225;10325;9326,991211;5847500
27/04/2016;10200;10275;10075;10125;9146,323242;4717900
28/04/2016;10125;10200;10050;10050;9078,572266;3629300
29/04/2016;10025;10050;9800;9900;8943,072266;8919200
02/05/2016;9825;9850;9525;9550;8626,902344;5421700
03/05/2016;9650;9825;9625;9800;8852,738281;6346200
04/05/2016;9800;9875;9675;9825;8875,322266;6695300
09/05/2016;9800;9900;9275;9275;8378,484375;5522400
10/05/2016;9250;9425;9200;9400;8491,402344;4730500
11/05/2016;9650;9700;9450;9650;8717,236328;5622700
12/05/2016;9700;9825;9350;9350;8446,233398;4979500
13/05/2016;9350;9350;8925;9000;8130,065918;9531900
16/05/2016;9050;9100;8875;9100;8220,399414;7439800
17/05/2016;9175;9325;9025;9050;8175,23291;5732500
18/05/2016;9000;9125;9000;9100;8220,399414;3645300
19/05/2016;9050;9075;8825;8850;7994,564453;10896400
20/05/2016;8850;9025;8850;9000;8130,065918;4920300
23/05/2016;8800;8825;8725;8825;8251,53418;5275400
24/05/2016;8825;8875;8675;8700;8134,65625;8469900
25/05/2016;8750;8850;8750;8825;8251,53418;4310200
26/05/2016;8875;8875;8800;8825;8251,53418;3713000
27/05/2016;8850;9100;8750;9100;8508,663086;7547100
30/05/2016;9175;9175;9075;9125;8532,039063;5833300
31/05/2016;9125;9175;9000;9000;8415,162109;10464500
01/06/2016;9000;9200;9000;9100;8508,663086;4768000
02/06/2016;9100;9150;8975;9000;8415,162109;3426600
03/06/2016;9100;9125;9025;9025;8438,537109;4217200
06/06/2016;9050;9225;9025;9225;8625,541016;6107700
07/06/2016;9275;9325;9200;9325;8719,042969;8743600
08/06/2016;9350;9350;9150;9225;8625,541016;5086900
09/06/2016;9300;9325;9000;9000;8415,162109;6907100
10/06/2016;9000;9075;8875;8875;8298,28418;4684300
13/06/2016;8850;8975;8800;8850;8274,90918;6068800
14/06/2016;8800;8900;8725;8800;8228,158203;4157400
15/06/2016;8700;8900;8700;8900;8321,65918;3866900
16/06/2016;8900;8925;8775;8800;8228,158203;4949800
17/06/2016;8825;9050;8825;9050;8461,913086;8398400
20/06/2016;9075;9125;9000;9125;8532,039063;4928900
21/06/2016;9175;9175;9025;9050;8461,913086;4517300
22/06/2016;9000;9025;8925;8975;8391,786133;4579400
23/06/2016;9000;9000;8925;8975;8391,786133;4109000
24/06/2016;9000;9025;8750;8850;8274,90918;6134700
27/06/2016;8750;8850;8725;8800;8228,158203;6356800
28/06/2016;8750;8925;8725;8825;8251,53418;8151000
29/06/2016;8875;9175;8875;9175;8578,789063;11854200
30/06/2016;9225;9350;9150;9350;8742,416992;11527700
01/07/2016;9275;9400;9200;9250;8648,915039;6259300
11/07/2016;9350;9675;9350;9675;9046,298828;12587300
12/07/2016;9725;9850;9600;9825;9186,551758;10268700
13/07/2016;9525;9850;9525;9525;8906,045898;12633600
14/07/2016;9525;9525;9250;9275;8672,291992;12688900
15/07/2016;9275;9300;9025;9050;8461,913086;22723300
18/07/2016;9050;9075;8950;8975;8391,786133;38194500
19/07/2016;9050;9550;9050;9525;8906,045898;74130700
20/07/2016;9575;9650;9400;9500;8882,670898;29152100
21/07/2016;9550;9575;9350;9425;8812,543945;10960300
22/07/2016;9375;9400;9225;9300;8695,666992;9598800
25/07/2016;9350;9450;9275;9400;8789,168945;11918500
26/07/2016;9450;9525;9325;9500;8882,670898;18066900
27/07/2016;9575;9825;9575;9700;9069,673828;46393000
28/07/2016;9725;9800;9675;9675;9046,298828;13763400
29/07/2016;9800;9800;9375;9375;8765,792969;11657700
01/08/2016;9500;10175;9400;10000;9350,179688;39930300
02/08/2016;10000;10125;9900;9900;9256,677734;17516300
03/08/2016;9850;10375;9800;10175;9513,807617;50625200
04/08/2016;10125;10250;10075;10125;9467,056641;15692200
05/08/2016;10200;10400;10150;10350;9677,435547;10511500
08/08/2016;10350;10850;10350;10775;10074,81836;20871200
09/08/2016;10850;11750;10825;11600;10846,20801;29547400
10/08/2016;11650;11875;11250;11400;10659,20508;15216600
11/08/2016;11200;11200;10950;11075;10355,32422;18185800
12/08/2016;11125;11275;10900;11000;10285,19727;7987200
15/08/2016;10750;10900;10625;10900;10191,69531;7176500
16/08/2016;11025;11150;10850;11050;10331,94922;7149700
18/08/2016;11175;11225;10875;11225;10495,57715;8920900
19/08/2016;11150;11275;11100;11100;10378,69922;9013200
22/08/2016;11250;11250;11100;11150;10425,4502;3939000
23/08/2016;11000;11025;10600;10775;10074,81836;8670400
24/08/2016;10750;10750;10375;10400;9724,1875;11778900
25/08/2016;10475;10575;10375;10425;9747,5625;12593600
26/08/2016;10425;10525;10400;10500;9817,688477;10826500
29/08/2016;10500;10500;10325;10400;9724,1875;4753300
30/08/2016;10350;10450;10050;10100;9443,681641;14724600
31/08/2016;10100;10175;9900;9900;9256,677734;21146900
01/09/2016;9950;9975;9800;9800;9163,176758;16534400
02/09/2016;9850;10075;9825;10000;9350,179688;8530500
05/09/2016;10125;10250;10100;10150;9490,431641;8489700
06/09/2016;10175;10225;10075;10200;9537,183594;4773300
07/09/2016;10100;10175;9925;10050;9396,929688;8780000
08/09/2016;10100;10150;10000;10050;9396,929688;6837500
09/09/2016;9950;10125;9950;10050;9396,929688;7357900
13/09/2016;9950;10000;9825;9850;9209,926758;6872700
14/09/2016;9800;9825;9625;9700;9069,673828;6218300
15/09/2016;9625;9950;9625;9950;9303,428711;12984200
16/09/2016;10050;10125;9875;9900;9256,677734;13770500
19/09/2016;9900;10150;9900;10125;9467,056641;9173300
20/09/2016;10150;10175;9925;10000;9350,179688;13265400
21/09/2016;9950;9975;9725;9825;9186,551758;13062800
22/09/2016;9950;10150;9925;10100;9443,681641;14700300
23/09/2016;10400;10400;10150;10400;9724,1875;17022800
26/09/2016;10400;10425;10250;10400;9724,1875;7934000
27/09/2016;10400;10450;10150;10450;9770,9375;9477000
28/09/2016;10350;10500;10275;10500;9817,688477;4411900
29/09/2016;10550;10675;10450;10575;9887,81543;10080800
30/09/2016;10500;10700;10100;10100;9443,681641;17968300
03/10/2016;10250;10475;10250;10400;9724,1875;8311500
04/10/2016;10475;10750;10400;10675;9981,316406;15095900
05/10/2016;10650;10650;10425;10500;9817,688477;5900700
06/10/2016;10500;10625;10325;10450;9770,9375;3938200
07/10/2016;10325;10400;10275;10400;9724,1875;2725200
10/10/2016;10475;10475;10275;10300;9630,685547;1781300
11/10/2016;10350;10375;9650;10000;9350,179688;29421900
12/10/2016;9975;10075;9825;10050;9396,929688;5307900
13/10/2016;10100;10150;9900;10075;9420,306641;3611500
14/10/2016;10025;10075;9925;10075;9420,306641;4113800
17/10/2016;10000;10025;9850;9900;9256,677734;5172700
18/10/2016;10000;10050;9950;10050;9396,929688;5410800
19/10/2016;9975;10050;9975;9975;9326,803711;2453900
20/10/2016;10050;10050;9850;9900;9256,677734;5413400
21/10/2016;9900;10000;9875;10000;9350,179688;2261600
24/10/2016;10025;10100;9925;9975;9326,803711;3903200
25/10/2016;10050;10200;10050;10150;9490,431641;6888100
26/10/2016;10150;10150;10025;10075;9420,306641;4504400
27/10/2016;10075;10150;10025;10075;9420,306641;3018700
28/10/2016;10150;10150;9900;9975;9326,803711;3499400
31/10/2016;9925;9950;9800;9850;9209,926758;4631000
01/11/2016;9850;9900;9500;9500;8882,670898;11027900
02/11/2016;9400;9625;9350;9450;8835,919922;5065300
03/11/2016;9450;9550;9275;9275;8672,291992;4612000
04/11/2016;9275;9350;9200;9275;8672,291992;3863600
07/11/2016;9300;9400;9225;9300;8695,666992;4425000
08/11/2016;9325;9425;9300;9400;8789,168945;7307100
09/11/2016;9425;9450;9050;9225;8625,541016;6331600
10/11/2016;9375;9400;9250;9275;8672,291992;4383400
11/11/2016;9000;9025;8775;8850;8274,90918;6650300
14/11/2016;8750;8750;8400;8425;7877,526855;12015400
15/11/2016;8425;8500;8150;8200;7667,147461;12271900
16/11/2016;8275;8550;8225;8450;7900,901367;11896400
17/11/2016;8400;8500;8275;8350;7807,399902;4894700
18/11/2016;8425;8425;8275;8425;7877,526855;4944300
21/11/2016;8300;8475;8300;8475;7924,276855;3815700
22/11/2016;8475;8475;8375;8425;7877,526855;2913300
23/11/2016;8425;8475;8325;8400;7854,150391;4446500
24/11/2016;8325;8375;8050;8050;7526,894531;5723900
25/11/2016;8125;8300;8100;8200;7667,147461;4862300
28/11/2016;8300;8900;8225;8675;8111,280273;9135600
29/11/2016;8675;9125;8675;8700;8134,65625;10248400
30/11/2016;8850;9175;8700;8875;8298,28418;11275500
01/12/2016;8875;9275;8875;9250;8648,915039;9298100
02/12/2016;9250;9300;9075;9250;8648,915039;4358500
05/12/2016;9200;9325;9125;9225;8625,541016;4455500
06/12/2016;9300;9300;9175;9225;8625,541016;5962100
07/12/2016;9225;9275;9150;9250;8648,915039;4980300
08/12/2016;9275;9300;9000;9200;8602,165039;6349200
09/12/2016;9200;9300;9100;9300;8695,666992;4113300
13/12/2016;9275;9300;9150;9300;8695,666992;4420500
14/12/2016;9300;9350;9200;9300;8695,666992;4548300
15/12/2016;9150;9200;8950;8975;8391,786133;9759600
16/12/2016;9000;9250;9000;9175;8578,789063;9468800
19/12/2016;9250;9300;9075;9100;8508,663086;5839800
20/12/2016;9000;9150;8925;8925;8345,035156;3793100
21/12/2016;9100;9200;9000;9125;8532,039063;4688500
22/12/2016;9225;9225;8925;8925;8345,035156;3900900
23/12/2016;9025;9125;8925;9050;8461,913086;4965500
27/12/2016;9100;9100;9000;9075;8485,287109;1324800
28/12/2016;9075;9400;9075;9325;8719,042969;6020500
29/12/2016;9325;9475;9325;9400;8789,168945;4525400
30/12/2016;9375;9500;9175;9175;8578,789063;5373900
02/01/2017;9175;9175;9175;9175;8578,789063;0
03/01/2017;9175;9200;9050;9100;8508,663086;955300
04/01/2017;9125;9450;9125;9450;8835,919922;4682600
05/01/2017;9450;9500;9350;9500;8882,670898;3887700
06/01/2017;9500;9500;9325;9400;8789,168945;1418900
09/01/2017;9400;9425;9125;9125;8532,039063;3030900
10/01/2017;9125;9175;9050;9125;8532,039063;1893200
11/01/2017;9050;9100;8850;8850;8274,90918;8684100
12/01/2017;8850;8975;8675;8700;8134,65625;8310200
13/01/2017;8725;8825;8725;8775;8204,78125;3022100
16/01/2017;8800;8850;8700;8700;8134,65625;3475200
17/01/2017;8650;8750;8625;8625;8064,529785;2696000
18/01/2017;8600;8775;8575;8750;8181,407715;3817000
19/01/2017;8750;8825;8650;8725;8158,03125;2630700
20/01/2017;8675;8700;8625;8625;8064,529785;3653700
23/01/2017;8700;8725;8600;8600;8041,154785;2721900
24/01/2017;8700;8750;8600;8700;8134,65625;3039500
25/01/2017;9050;9050;8750;9025;8438,537109;7299900
26/01/2017;9100;9225;9000;9200;8602,165039;13207400
27/01/2017;9125;9275;9125;9225;8625,541016;7711800
30/01/2017;9300;9350;9100;9100;8508,663086;3845500
31/01/2017;9025;9200;9025;9025;8438,537109;2641700
01/02/2017;9125;9200;9025;9025;8438,537109;4000500
02/02/2017;9025;9300;9025;9300;8695,666992;9230300
03/02/2017;9300;9300;9100;9200;8602,165039;4562100
06/02/2017;9200;9325;9150;9275;8672,291992;4044000
07/02/2017;9250;9325;9150;9150;8555,414063;3692800
08/02/2017;9150;9450;9150;9250;8648,915039;8964600
09/02/2017;9300;9625;9300;9625;8999,548828;8893300
10/02/2017;9700;9775;9575;9750;9116,424805;6688100
13/02/2017;9800;9875;9750;9825;9186,551758;3776900
14/02/2017;9725;9725;9300;9350;8742,416992;6749900
15/02/2017;9350;9350;9350;9350;8742,416992;0
16/02/2017;9400;9575;9300;9500;8882,670898;6909100
17/02/2017;9475;9550;9275;9275;8672,291992;5491400
20/02/2017;9300;9325;9075;9200;8602,165039;4707100
21/02/2017;9200;9300;9075;9150;8555,414063;2750900
22/02/2017;9200;9250;9100;9225;8625,541016;1973800
23/02/2017;9200;9350;9175;9250;8648,915039;2504500
24/02/2017;9300;9575;9300;9575;8952,795898;6044900
27/02/2017;9575;9675;9525;9525;8906,045898;1482100
28/02/2017;9600;9650;9525;9625;8999,548828;4608200
01/03/2017;9625;9625;9400;9400;8789,168945;4612200
02/03/2017;9500;9550;9400;9425;8812,543945;2896300
03/03/2017;9425;9500;9375;9425;8812,543945;2791600
06/03/2017;9375;9500;9375;9500;8882,670898;2386600
07/03/2017;9500;9500;9275;9350;8742,416992;2422800
08/03/2017;9475;9475;9275;9325;8719,042969;1348800
09/03/2017;9250;9325;9125;9250;8648,915039;1730000
10/03/2017;9350;9425;9200;9425;8812,543945;1169800
13/03/2017;9300;9425;9300;9400;8789,168945;1578900
14/03/2017;9400;9400;9200;9200;8602,165039;2571500
15/03/2017;9175;9225;9050;9050;8461,913086;3811300
16/03/2017;9075;9225;9075;9175;8578,789063;5300300
17/03/2017;9275;9325;9175;9225;8625,541016;12766500
20/03/2017;9300;9350;9225;9350;8742,416992;4628600
21/03/2017;9350;9350;9100;9150;8555,414063;6565900
22/03/2017;9100;9225;9075;9225;8625,541016;7623000
23/03/2017;9150;9150;9050;9075;8485,287109;4669600
24/03/2017;9100;9150;8950;8950;8368,411133;5045000
27/03/2017;8775;9075;8750;8775;8204,78125;7665700
29/03/2017;8800;9075;8800;9075;8485,287109;6331500
30/03/2017;8850;9150;8800;8850;8274,90918;7633900
31/03/2017;8900;9000;8875;9000;8415,162109;5903100
03/04/2017;9050;9150;8975;9050;8461,913086;4482100
04/04/2017;9000;9125;9000;9125;8532,039063;4592400
05/04/2017;9125;9200;9100;9125;8532,039063;7548600
06/04/2017;9175;9225;9125;9150;8555,414063;5799900
07/04/2017;9175;9200;9150;9175;8578,789063;6615800
10/04/2017;8975;9000;8925;8975;8680,263672;5064300
11/04/2017;8925;8975;8775;8800;8511,010742;4036700
12/04/2017;8850;8975;8825;8975;8680,263672;6419800
13/04/2017;8950;8950;8875;8875;8583,547852;2061300
17/04/2017;8875;8900;8775;8800;8511,010742;2883000
18/04/2017;8800;8850;8700;8750;8462,65332;6144700
19/04/2017;8750;8750;8750;8750;8462,65332;0
20/04/2017;8700;8750;8650;8675;8390,115234;10498700
21/04/2017;8750;8825;8675;8700;8414,294922;4680600
25/04/2017;8825;8975;8800;8975;8680,263672;7833400
26/04/2017;9000;9025;8925;9000;8704,443359;3866400
27/04/2017;8975;9000;8825;8825;8535,19043;6331900
28/04/2017;8825;8875;8775;8825;8535,19043;8087800
02/05/2017;8775;8825;8750;8800;8511,010742;3387500
03/05/2017;8700;8800;8675;8725;8438,473633;5746800
04/05/2017;8650;8725;8600;8650;8365,9375;6673000
05/05/2017;8725;8800;8650;8800;8511,010742;10267700
08/05/2017;8850;8875;8675;8750;8462,65332;11668000
09/05/2017;8700;8775;8700;8750;8462,65332;4704400
10/05/2017;8650;8800;8600;8650;8365,9375;3991000
12/05/2017;8725;8875;8650;8850;8559,369141;7514800
15/05/2017;8850;8900;8750;8900;8607,726563;6550700
16/05/2017;8900;9225;8875;9200;8897,875;13316400
17/05/2017;9200;9200;9050;9100;8801,15918;5157500
18/05/2017;8975;9200;8925;9200;8897,875;4625400
19/05/2017;9225;9325;9125;9200;8897,875;8155000
22/05/2017;9250;9425;9250;9400;9091,307617;10302500
23/05/2017;9450;9500;9275;9350;9042,948242;4151100
24/05/2017;9225;9275;9125;9250;8946,232422;3350200
26/05/2017;9250;9325;9175;9250;8946,232422;4385900
29/05/2017;9325;9400;9250;9350;9042,948242;1887000
30/05/2017;9375;9375;9200;9200;8897,875;1744100
31/05/2017;9200;9450;9200;9450;9139,665039;7087000
01/06/2017;9450;9450;9450;9450;9139,665039;0
02/06/2017;9450;9450;9250;9325;9018,770508;4694700
05/06/2017;9375;9375;9150;9300;8994,59082;4204800
06/06/2017;9300;9325;9200;9300;8994,59082;3275900
07/06/2017;9350;9400;9200;9200;8897,875;1348300
08/06/2017;9175;9250;9025;9025;8728,62207;2516700
09/06/2017;9050;9500;9050;9375;9067,12793;11265100
12/06/2017;9450;9675;9375;9650;9333,09668;9444100
13/06/2017;9650;9750;9525;9675;9357,276367;5108000
14/06/2017;9675;9850;9650;9850;9526,529297;9337900
15/06/2017;9900;10100;9850;10075;9744,140625;11153900
16/06/2017;10000;10075;9800;9850;9526,529297;10284400
19/06/2017;9975;10150;9850;10150;9816,676758;4938600
20/06/2017;10200;10250;10025;10200;9865,036133;9933300
21/06/2017;10150;10200;9975;10200;9865,036133;8026300
22/06/2017;10150;10150;9950;10000;9671,603516;6963600
23/06/2017;10000;10000;10000;10000;9671,603516;0
26/06/2017;10000;10000;10000;10000;9671,603516;0
27/06/2017;10000;10000;10000;10000;9671,603516;0
28/06/2017;10000;10000;10000;10000;9671,603516;0
29/06/2017;10000;10000;10000;10000;9671,603516;0
30/06/2017;10000;10000;10000;10000;9671,603516;0
03/07/2017;10050;10275;10000;10200;9865,036133;14663400
04/07/2017;10200;10275;10100;10150;9816,676758;6299500
05/07/2017;10050;10200;9900;9950;9623,245117;5857000
06/07/2017;10000;10125;9975;10125;9792,498047;6609600
07/07/2017;10150;10325;10050;10200;9865,036133;6256100
10/07/2017;10075;10100;10000;10000;9671,603516;4294400
11/07/2017;9900;10250;9900;10000;9671,603516;10634000
12/07/2017;10025;10125;9950;10025;9695,782227;3489400
13/07/2017;10225;10225;10025;10100;9768,319336;8320000
14/07/2017;10100;10175;10050;10175;9840,856445;2734800
17/07/2017;10075;10200;10075;10100;9768,319336;1956700
18/07/2017;10100;10400;10100;10300;9961,751953;9531900
19/07/2017;10200;10300;10125;10175;9840,856445;2456900
20/07/2017;10150;10200;10125;10200;9865,036133;885200
21/07/2017;10225;10225;9900;10100;9768,319336;5872300
24/07/2017;10125;10200;10000;10150;9816,676758;2283600
25/07/2017;9950;10150;9900;10150;9816,676758;3706000
26/07/2017;10000;10125;10000;10075;9744,140625;2782600
27/07/2017;10000;10100;10000;10050;9719,960938;3245000
28/07/2017;10050;10125;9900;10050;9719,960938;4515300
31/07/2017;9950;9950;9750;9950;9623,245117;5371700
01/08/2017;9975;9975;9850;9925;9599,06543;3680600
02/08/2017;10700;10750;9900;10700;10348,61523;20325300
03/08/2017;10625;10700;10425;10475;10131,00488;6705700
04/08/2017;10350;10625;10300;10325;9985,929688;4300300
07/08/2017;10300;10725;10275;10575;10227,7207;8212500
08/08/2017;10450;10600;10325;10525;10179,36231;5353400
09/08/2017;10550;10900;10550;10900;10542,04688;6728600
10/08/2017;10950;11000;10800;10900;10542,04688;3642200
11/08/2017;10750;10800;10650;10675;10324,43652;2690800
14/08/2017;10750;11075;10725;10975;10614,58496;5712600
15/08/2017;11050;11075;10850;10900;10542,04688;4414700
16/08/2017;10900;11000;10875;11000;10638,76367;7297700
17/08/2017;11000;11000;11000;11000;10638,76367;0
18/08/2017;10925;10925;10800;10875;10517,86914;2669700
21/08/2017;10700;10900;10650;10850;10493,68945;3032500
22/08/2017;10800;10900;10675;10850;10493,68945;2313800
23/08/2017;10875;10950;10700;10700;10348,61523;4006900
24/08/2017;10700;10800;10625;10750;10396,97363;3527100
25/08/2017;10600;10700;10500;10575;10227,7207;2331900
28/08/2017;10500;10700;10450;10525;10179,36231;3180300
29/08/2017;10600;10600;10425;10475;10131,00488;2522300
30/08/2017;10450;10500;10100;10375;10034,28809;7722100
31/08/2017;10350;10475;10225;10475;10131,00488;5823100
01/09/2017;10475;10475;10475;10475;10131,00488;0
04/09/2017;10425;10475;9975;9975;9647,423828;5336700
05/09/2017;10025;10025;9700;9700;9381,455078;4703300
06/09/2017;9750;9900;9600;9700;9381,455078;5828700
07/09/2017;9700;9875;9550;9825;9502,350586;7845400
08/09/2017;9800;10325;9800;10300;9961,751953;9287700
11/09/2017;10325;10525;10300;10450;10106,8252;6600700
12/09/2017;10350;10575;10200;10450;10106,8252;3947600
13/09/2017;10350;10600;10275;10600;10251,89941;3527500
14/09/2017;10550;10575;10400;10500;10155,18359;2078200
15/09/2017;10525;10600;10350;10375;10034,28809;9144700
18/09/2017;10300;10500;9950;10000;9671,603516;5800900
19/09/2017;10000;10075;9925;9950;9623,245117;3938300
20/09/2017;10000;10125;10000;10100;9768,319336;4742000
21/09/2017;10100;10100;10100;10100;9768,319336;0
22/09/2017;10125;10150;9975;10000;9671,603516;2458900
25/09/2017;9950;10075;9925;9950;9623,245117;3575400
26/09/2017;9950;10050;9900;9900;9574,887695;3219900
27/09/2017;9825;9875;9025;9625;9308,918945;18885900
28/09/2017;9500;10175;9500;9950;9623,245117;13300300
29/09/2017;10075;10175;9975;10125;9792,498047;3955300
02/10/2017;10200;10250;10100;10200;9865,036133;2173300
03/10/2017;10200;10250;10000;10050;9719,960938;3770700
04/10/2017;10000;10300;10000;10300;9961,751953;2066500
05/10/2017;10300;10400;10275;10375;10034,28809;4894400
06/10/2017;10550;10700;10450;10700;10348,61523;5314600
09/10/2017;10675;10675;10525;10575;10227,7207;2967800
10/10/2017;10475;10650;10475;10650;10300,25781;3003000
11/10/2017;10550;10600;10350;10450;10106,8252;6140400
12/10/2017;10375;10750;10350;10750;10396,97363;3662100
13/10/2017;10750;10900;10700;10850;10493,68945;4772000
16/10/2017;10900;10900;10750;10900;10542,04688;3570300
17/10/2017;10925;10950;10825;10850;10493,68945;3163500
18/10/2017;10850;10900;10550;10825;10469,51074;2722100
19/10/2017;10725;10800;10475;10500;10155,18359;3306500
20/10/2017;10500;10600;10400;10425;10082,64648;2937200
23/10/2017;10600;10650;10400;10550;10203,54102;3724700
24/10/2017;10550;10925;10525;10725;10372,79395;2696300
25/10/2017;10725;10900;10675;10875;10517,86914;3033600
26/10/2017;10950;11100;10900;11025;10662,94238;5771900
27/10/2017;11000;11025;10750;10775;10421,15234;3040300
30/10/2017;10775;11000;10750;10775;10421,15234;1803800
31/10/2017;11050;11050;10825;10900;10542,04688;4522900
01/11/2017;10800;10800;10425;10500;10155,18359;7118400
02/11/2017;10550;10600;10200;10425;10082,64648;6423900
03/11/2017;10350;10425;10300;10375;10034,28809;4081700
06/11/2017;10375;10525;10275;10300;9961,751953;2088800
07/11/2017;10350;10475;10325;10325;9985,929688;2862600
08/11/2017;10400;10500;10350;10500;10155,18359;2706700
09/11/2017;10500;10525;10100;10100;9768,319336;4949300
10/11/2017;10150;10225;10000;10000;9671,603516;3411200
13/11/2017;10025;10125;9950;10000;9671,603516;1912900
14/11/2017;10150;10250;9900;9900;9574,887695;5819100
15/11/2017;9975;10075;9850;9850;9526,529297;3754900
16/11/2017;9850;10100;9825;9950;9623,245117;4255600
17/11/2017;10000;10175;9900;9900;9574,887695;3099000
20/11/2017;9950;10100;9925;9975;9647,423828;2774200
21/11/2017;10000;10150;9850;9975;9647,423828;3273900
22/11/2017;10000;10075;9900;9900;9574,887695;3121700
23/11/2017;9975;10050;9900;10050;9719,960938;1410400
24/11/2017;10100;10200;9925;10150;9816,676758;2985600
27/11/2017;10150;10150;9950;10025;9695,782227;2999900
28/11/2017;9975;10000;9900;10000;9671,603516;4222100
29/11/2017;9900;10025;9850;9900;9574,887695;3407500
30/11/2017;9900;9925;9400;9400;9091,307617;6376200
01/12/2017;9400;9400;9400;9400;9091,307617;0
04/12/2017;9650;9700;9500;9600;9284,739258;5281800
05/12/2017;9625;9625;9350;9350;9042,948242;3764100
06/12/2017;9300;9525;9300;9375;9067,12793;3749400
07/12/2017;9325;9400;9175;9250;8946,232422;3901300
08/12/2017;9275;9350;9125;9150;8849,516602;3517700
11/12/2017;9275;9500;9225;9375;9067,12793;2598200
12/12/2017;9500;9625;9325;9600;9284,739258;3709200
13/12/2017;9550;9850;9500;9725;9405,634766;4237800
14/12/2017;9775;9950;9775;9950;9623,245117;5985300
15/12/2017;9850;9900;9700;9850;9526,529297;13408900
18/12/2017;9700;9750;9600;9700;9381,455078;3502600
19/12/2017;9700;9850;9650;9850;9526,529297;10386100
20/12/2017;9950;9950;9500;9550;9236,380859;4156300
21/12/2017;9600;9825;9600;9800;9478,171875;2567400
22/12/2017;9850;9850;9700;9825;9502,350586;1468400
25/12/2017;9825;9825;9825;9825;9502,350586;0
26/12/2017;9825;9825;9825;9825;9502,350586;0
27/12/2017;9825;10000;9825;10000;9671,603516;3068000
28/12/2017;10000;10200;9950;10200;9865,036133;5007900
29/12/2017;10200;10400;9900;9900;9574,887695;11139200
01/01/2018;9900;9900;9900;9900;9574,887695;0
02/01/2018;10100;10500;10100;10275;9937,572266;5258400
03/01/2018;10375;10500;10175;10200;9865,036133;6010700
04/01/2018;10350;11000;10325;11000;10638,76367;11108300
05/01/2018;11000;11025;10700;10900;10542,04688;5005400
08/01/2018;10750;11000;10675;11000;10638,76367;3001500
09/01/2018;11000;11200;10900;11200;10832,19531;5969200
10/01/2018;11200;11250;10750;10825;10469,51074;3448900
11/01/2018;10825;10850;10600;10850;10493,68945;2516900
12/01/2018;10775;10850;10450;10575;10227,7207;3684500
15/01/2018;10525;10600;10500;10525;10179,36231;3274400
16/01/2018;10525;10675;10475;10625;10276,07813;3432100
17/01/2018;10675;11425;10650;11400;11025,62793;7309200
18/01/2018;11250;11400;10925;11075;10711,30078;6383000
19/01/2018;11175;11175;10800;10950;10590,40527;5436600
22/01/2018;11000;11000;10750;10750;10396,97363;6197900
23/01/2018;10800;10900;10500;10650;10300,25781;6260200
24/01/2018;10650;11000;10650;10725;10372,79395;6568700
25/01/2018;10975;11125;10750;11100;10735,47949;7862900
26/01/2018;11150;11725;11150;11600;11219,05957;10095900
29/01/2018;11575;11625;11100;11200;10832,19531;10431200
30/01/2018;10900;11200;10775;10900;10542,04688;5091600
31/01/2018;10900;11150;10875;11150;10783,83789;5266300
